INSERT INTO achievements (id, award, details, notes, created, modified, awardbody_id, level) VALUES
	(1, 'Octopus 1', e'The Octopus series is an exciting series of 3 progressive awards specifically designed for child aged between 5 to 8 years old.\\r\\n\\r\\nThis enables older children to access the Learn to Swim pathway and develop their confidence, knowledge and skills. We believe the best way to achieve this is to create safe environments in which children can be introduced to the water whilst having fun and by providing a progressive learn to swim programme that is both challenging and rewarding.\\r\\n\\r\\nOn completion of the Octopus series, learners can progress through the Learn to Swim journey and move on to the Goldfish, Angelfish and Shark series. A child\U00002019s first learn to swim experience is one of the most important in terms of capturing and retaining their interest.', 'Swimming teacher or assistant in water is optional. Buoyancy aids may be used.', '2017-05-04 10:24:17+00:00', '2017-05-03 10:24:17+00:00', 2, 'beginner'),
	(2, 'Octopus 2', 'The Octopus series is an exciting series of 3 progressive awards specifically designed for child aged between 5 to 8 years old.', 'Swimming teacher or assistant in water is optional. Buoyancy aids may be used.', '2017-05-03 10:24:25+00:00', '2017-05-03 10:24:25+00:00', 2, 'beginner'),
	(3, 'Octopus 3', 'The Octopus series is an exciting series of 3 progressive awards specifically designed for child aged between 5 to 8 years old.', 'Swimming teacher or assistant in water is optional. Buoyancy aids may be used.', '2017-05-03 09:41:00+00:00', '2017-05-03 09:41:00+00:00', 2, 'beginner'),
	(4, 'Goldfish 1', 'This programme is designed to be the next stage for swimmers who have progressed through either the STAnley First Steps Series or Octopus Series.', 'Buoyancy aids may not be used, unless stated. Learners may work towards the 5 metre Distance award and I Can Swim or Good Stroke badges.', '2017-05-03 17:58:06+00:00', '2017-05-03 17:58:06+00:00', 2, 'beginner'),
	(5, 'Goldfish 2', 'This programme is designed to be the next stage for swimmers who have progressed through either the STAnley First Steps Series or Octopus Series.', 'Buoyancy aids may not be used, unless stated. Learners may work towards the 10 metre Distance award and Kingfisher 1.', '2017-05-03 17:58:14+00:00', '2017-05-03 17:58:15+00:00', 2, 'beginner'),
	(6, 'Goldfish 3', 'This programme is designed to be the next stage for swimmers who have progressed through either the STAnley First Steps Series or Octopus Series.', 'Buoyancy aids may not be used, unless stated. Learners may work towards the 15 metre Distance award and Kingfisher 1.', '2017-05-03 17:58:23+00:00', '2017-05-03 17:58:23+00:00', 2, 'beginner'),
	(7, 'Angelfish 1', 'Once swimmers have completed the Goldfish Series they can progress to the Angelfish Series. On completion of the 3 progressive awards in this series, swimmers will be capable of swimming 25 metres without aid, perform butterfly stroke as well as mastering sculling techniques and entries to the water.', 'Buoyancy aids may not be used, unless stated. Learners may work towards the 15 metre Distance award and Kingfisher 2.', '2017-05-10 11:24:09+00:00', '2017-05-10 11:24:10+00:00', 2, 'intermediate'),
	(8, 'Angelfish 2', 'Once swimmers have completed the Goldfish Series they can progress to the Angelfish Series. On completion of the 3 progressive awards in this series, swimmers will be capable of swimming 25 metres without aid, perform butterfly stroke as well as mastering sculling techniques and entries to the water.', 'Buoyancy aids may not be used, unless stated. Learners may work towards the 20 metre Distance award and Kingfisher 2.', '2017-05-10 11:24:19+00:00', '2017-05-10 11:24:19+00:00', 2, 'intermediate'),
	(9, 'Angelfish 3', 'Once swimmers have completed the Goldfish Series they can progress to the Angelfish Series. On completion of the 3 progressive awards in this series, swimmers will be capable of swimming 25 metres without aid, perform butterfly stroke as well as mastering sculling techniques and entries to the water.', 'Buoyancy aids may not be used, unless stated. Learners may work towards the 25 metre Distance award and Kingfisher 1 or Good Stroke badges.', '2017-05-10 11:24:26+00:00', '2017-05-10 11:24:26+00:00', 2, 'intermediate');

INSERT INTO awardbody (id, "name", created, modified) VALUES
	(1, 'Octonauts Series', '2017-05-03 17:33:06+00:00', '2017-05-03 17:33:08+00:00'),
	(2, 'ILSP Awards', '2017-05-03 17:33:32+00:00', '2017-05-03 17:33:32+00:00');

INSERT INTO classevents (id, swimclass_id, venue_id, coursegroup_id, spaces, weeknum, classdate, "time", length, created, modified, duration) VALUES
	(303677379292725249, 8, 1, 303677379166830593, 6, 1, '2017-12-09', '2017-12-08 11:00:00+00:00', 12, '2017-12-08 15:03:01+00:00', '2017-12-08 15:03:01+00:00', NULL),
	(303677379396960257, 8, 1, 303677379166830593, 6, 2, '2017-12-16', '2017-12-08 11:00:00+00:00', 12, '2017-12-08 15:03:01+00:00', '2017-12-08 15:03:01+00:00', NULL),
	(303677379478224897, 8, 1, 303677379166830593, 6, 3, '2017-12-23', '2017-12-08 11:00:00+00:00', 12, '2017-12-08 15:03:01+00:00', '2017-12-08 15:03:01+00:00', NULL),
	(303677379586293761, 8, 1, 303677379166830593, 6, 4, '2017-12-30', '2017-12-08 11:00:00+00:00', 12, '2017-12-08 15:03:01+00:00', '2017-12-08 15:03:01+00:00', NULL),
	(303677379664904193, 8, 1, 303677379166830593, 6, 5, '2018-01-06', '2017-12-08 11:00:00+00:00', 12, '2017-12-08 15:03:01+00:00', '2017-12-08 15:03:01+00:00', NULL),
	(303677379752919041, 8, 1, 303677379166830593, 6, 6, '2018-01-13', '2017-12-08 11:00:00+00:00', 12, '2017-12-08 15:03:01+00:00', '2017-12-08 15:03:01+00:00', NULL),
	(303677379837624321, 8, 1, 303677379166830593, 6, 7, '2018-01-20', '2017-12-08 11:00:00+00:00', 12, '2017-12-08 15:03:01+00:00', '2017-12-08 15:03:01+00:00', NULL),
	(303677379974463489, 8, 1, 303677379166830593, 6, 8, '2018-01-27', '2017-12-08 11:00:00+00:00', 12, '2017-12-08 15:03:01+00:00', '2017-12-08 15:03:01+00:00', NULL),
	(303677380059955201, 8, 1, 303677379166830593, 6, 9, '2018-02-03', '2017-12-08 11:00:00+00:00', 12, '2017-12-08 15:03:01+00:00', '2017-12-08 15:03:01+00:00', NULL),
	(303677380151246849, 8, 1, 303677379166830593, 6, 10, '2018-02-10', '2017-12-08 11:00:00+00:00', 12, '2017-12-08 15:03:01+00:00', '2017-12-08 15:03:01+00:00', NULL),
	(303677380243750913, 8, 1, 303677379166830593, 6, 11, '2018-02-17', '2017-12-08 11:00:00+00:00', 12, '2017-12-08 15:03:01+00:00', '2017-12-08 15:03:01+00:00', NULL),
	(303677380324720641, 8, 1, 303677379166830593, 6, 12, '2018-02-24', '2017-12-08 11:00:00+00:00', 12, '2017-12-08 15:03:01+00:00', '2017-12-08 15:03:01+00:00', NULL),
	(303677423494856705, 8, 1, 303677423296184321, 6, 1, '2017-12-09', '2017-12-08 10:00:00+00:00', 12, '2017-12-08 15:03:14+00:00', '2017-12-08 15:03:14+00:00', NULL),
	(303677423657910273, 8, 1, 303677423296184321, 6, 2, '2017-12-16', '2017-12-08 10:00:00+00:00', 12, '2017-12-08 15:03:15+00:00', '2017-12-08 15:03:15+00:00', NULL),
	(303677424047423489, 8, 1, 303677423296184321, 6, 3, '2017-12-23', '2017-12-08 10:00:00+00:00', 12, '2017-12-08 15:03:15+00:00', '2017-12-08 15:03:15+00:00', NULL),
	(303677424536059905, 8, 1, 303677423296184321, 6, 4, '2017-12-30', '2017-12-08 10:00:00+00:00', 12, '2017-12-08 15:03:15+00:00', '2017-12-08 15:03:15+00:00', NULL),
	(303677425238900737, 8, 1, 303677423296184321, 6, 5, '2018-01-06', '2017-12-08 10:00:00+00:00', 12, '2017-12-08 15:03:15+00:00', '2017-12-08 15:03:15+00:00', NULL),
	(303677425368399873, 8, 1, 303677423296184321, 6, 6, '2018-01-13', '2017-12-08 10:00:00+00:00', 12, '2017-12-08 15:03:15+00:00', '2017-12-08 15:03:15+00:00', NULL),
	(303677425525719041, 8, 1, 303677423296184321, 6, 7, '2018-01-20', '2017-12-08 10:00:00+00:00', 12, '2017-12-08 15:03:15+00:00', '2017-12-08 15:03:15+00:00', NULL),
	(303677425658920961, 8, 1, 303677423296184321, 6, 8, '2018-01-27', '2017-12-08 10:00:00+00:00', 12, '2017-12-08 15:03:15+00:00', '2017-12-08 15:03:15+00:00', NULL),
	(303677425767448577, 8, 1, 303677423296184321, 6, 9, '2018-02-03', '2017-12-08 10:00:00+00:00', 12, '2017-12-08 15:03:15+00:00', '2017-12-08 15:03:15+00:00', NULL),
	(303677425887707137, 8, 1, 303677423296184321, 6, 10, '2018-02-10', '2017-12-08 10:00:00+00:00', 12, '2017-12-08 15:03:15+00:00', '2017-12-08 15:03:15+00:00', NULL),
	(303677425994956801, 8, 1, 303677423296184321, 6, 11, '2018-02-17', '2017-12-08 10:00:00+00:00', 12, '2017-12-08 15:03:15+00:00', '2017-12-08 15:03:15+00:00', NULL),
	(303677426090901505, 8, 1, 303677423296184321, 6, 12, '2018-02-24', '2017-12-08 10:00:00+00:00', 12, '2017-12-08 15:03:15+00:00', '2017-12-08 15:03:15+00:00', NULL),
	(303677636862541825, 8, 1, 303677636350705665, 6, 1, '2017-12-09', '2017-12-08 12:00:00+00:00', 12, '2017-12-08 15:04:20+00:00', '2017-12-08 15:04:20+00:00', NULL),
	(303677636945936385, 8, 1, 303677636350705665, 6, 2, '2017-12-16', '2017-12-08 12:00:00+00:00', 12, '2017-12-08 15:04:20+00:00', '2017-12-08 15:04:20+00:00', NULL),
	(303677637048107009, 8, 1, 303677636350705665, 6, 3, '2017-12-23', '2017-12-08 12:00:00+00:00', 12, '2017-12-08 15:04:20+00:00', '2017-12-08 15:04:20+00:00', NULL),
	(303677637143330817, 8, 1, 303677636350705665, 6, 4, '2017-12-30', '2017-12-08 12:00:00+00:00', 12, '2017-12-08 15:04:20+00:00', '2017-12-08 15:04:20+00:00', NULL),
	(303677637250187265, 8, 1, 303677636350705665, 6, 5, '2018-01-06', '2017-12-08 12:00:00+00:00', 12, '2017-12-08 15:04:20+00:00', '2017-12-08 15:04:20+00:00', NULL),
	(303677637328764929, 8, 1, 303677636350705665, 6, 6, '2018-01-13', '2017-12-08 12:00:00+00:00', 12, '2017-12-08 15:04:20+00:00', '2017-12-08 15:04:20+00:00', NULL),
	(303677637411700737, 8, 1, 303677636350705665, 6, 7, '2018-01-20', '2017-12-08 12:00:00+00:00', 12, '2017-12-08 15:04:20+00:00', '2017-12-08 15:04:20+00:00', NULL),
	(303677637495357441, 8, 1, 303677636350705665, 6, 8, '2018-01-27', '2017-12-08 12:00:00+00:00', 12, '2017-12-08 15:04:20+00:00', '2017-12-08 15:04:20+00:00', NULL),
	(303677637584257025, 8, 1, 303677636350705665, 6, 9, '2018-02-03', '2017-12-08 12:00:00+00:00', 12, '2017-12-08 15:04:20+00:00', '2017-12-08 15:04:20+00:00', NULL),
	(303677637674991617, 8, 1, 303677636350705665, 6, 10, '2018-02-10', '2017-12-08 12:00:00+00:00', 12, '2017-12-08 15:04:20+00:00', '2017-12-08 15:04:20+00:00', NULL),
	(303677637748555777, 8, 1, 303677636350705665, 6, 11, '2018-02-17', '2017-12-08 12:00:00+00:00', 12, '2017-12-08 15:04:20+00:00', '2017-12-08 15:04:20+00:00', NULL),
	(303677637824970753, 8, 1, 303677636350705665, 6, 12, '2018-02-24', '2017-12-08 12:00:00+00:00', 12, '2017-12-08 15:04:20+00:00', '2017-12-08 15:04:20+00:00', NULL),
	(303678198758735873, 8, 1, 303678198296739841, 6, 1, '2017-12-09', '2017-12-08 13:00:00+00:00', 12, '2017-12-08 15:07:11+00:00', '2017-12-08 15:07:11+00:00', NULL),
	(303678198840164353, 8, 1, 303678198296739841, 6, 2, '2017-12-16', '2017-12-08 13:00:00+00:00', 12, '2017-12-08 15:07:11+00:00', '2017-12-08 15:07:11+00:00', NULL),
	(303678198919397377, 8, 1, 303678198296739841, 6, 3, '2017-12-23', '2017-12-08 13:00:00+00:00', 12, '2017-12-08 15:07:11+00:00', '2017-12-08 15:07:11+00:00', NULL),
	(303678198995386369, 8, 1, 303678198296739841, 6, 4, '2017-12-30', '2017-12-08 13:00:00+00:00', 12, '2017-12-08 15:07:11+00:00', '2017-12-08 15:07:11+00:00', NULL),
	(303678199092674561, 8, 1, 303678198296739841, 6, 5, '2018-01-06', '2017-12-08 13:00:00+00:00', 12, '2017-12-08 15:07:11+00:00', '2017-12-08 15:07:11+00:00', NULL),
	(303678199167942657, 8, 1, 303678198296739841, 6, 6, '2018-01-13', '2017-12-08 13:00:00+00:00', 12, '2017-12-08 15:07:11+00:00', '2017-12-08 15:07:11+00:00', NULL),
	(303678199259398145, 8, 1, 303678198296739841, 6, 7, '2018-01-20', '2017-12-08 13:00:00+00:00', 12, '2017-12-08 15:07:11+00:00', '2017-12-08 15:07:11+00:00', NULL),
	(303678199357374465, 8, 1, 303678198296739841, 6, 8, '2018-01-27', '2017-12-08 13:00:00+00:00', 12, '2017-12-08 15:07:11+00:00', '2017-12-08 15:07:11+00:00', NULL),
	(303678199572463617, 8, 1, 303678198296739841, 6, 9, '2018-02-03', '2017-12-08 13:00:00+00:00', 12, '2017-12-08 15:07:11+00:00', '2017-12-08 15:07:11+00:00', NULL),
	(303678199673946113, 8, 1, 303678198296739841, 6, 10, '2018-02-10', '2017-12-08 13:00:00+00:00', 12, '2017-12-08 15:07:11+00:00', '2017-12-08 15:07:11+00:00', NULL),
	(303678199777492993, 8, 1, 303678198296739841, 6, 11, '2018-02-17', '2017-12-08 13:00:00+00:00', 12, '2017-12-08 15:07:11+00:00', '2017-12-08 15:07:11+00:00', NULL),
	(303678199885889537, 8, 1, 303678198296739841, 6, 12, '2018-02-24', '2017-12-08 13:00:00+00:00', 12, '2017-12-08 15:07:11+00:00', '2017-12-08 15:07:11+00:00', NULL),
	(303678489935183873, 8, 1, 303678489532694529, 6, 1, '2017-12-09', '2017-12-08 14:00:00+00:00', 12, '2017-12-08 15:08:40+00:00', '2017-12-08 15:08:40+00:00', NULL),
	(303678490001080321, 8, 1, 303678489532694529, 6, 2, '2017-12-16', '2017-12-08 14:00:00+00:00', 12, '2017-12-08 15:08:40+00:00', '2017-12-08 15:08:40+00:00', NULL),
	(303678490069991425, 8, 1, 303678489532694529, 6, 3, '2017-12-23', '2017-12-08 14:00:00+00:00', 12, '2017-12-08 15:08:40+00:00', '2017-12-08 15:08:40+00:00', NULL),
	(303678490134806529, 8, 1, 303678489532694529, 6, 4, '2017-12-30', '2017-12-08 14:00:00+00:00', 12, '2017-12-08 15:08:40+00:00', '2017-12-08 15:08:40+00:00', NULL),
	(303678490207518721, 8, 1, 303678489532694529, 6, 5, '2018-01-06', '2017-12-08 14:00:00+00:00', 12, '2017-12-08 15:08:40+00:00', '2017-12-08 15:08:40+00:00', NULL),
	(303678490282557441, 8, 1, 303678489532694529, 6, 6, '2018-01-13', '2017-12-08 14:00:00+00:00', 12, '2017-12-08 15:08:40+00:00', '2017-12-08 15:08:40+00:00', NULL),
	(303678490377093121, 8, 1, 303678489532694529, 6, 7, '2018-01-20', '2017-12-08 14:00:00+00:00', 12, '2017-12-08 15:08:40+00:00', '2017-12-08 15:08:40+00:00', NULL),
	(303678490456064001, 8, 1, 303678489532694529, 6, 8, '2018-01-27', '2017-12-08 14:00:00+00:00', 12, '2017-12-08 15:08:40+00:00', '2017-12-08 15:08:40+00:00', NULL),
	(303678490557349889, 8, 1, 303678489532694529, 6, 9, '2018-02-03', '2017-12-08 14:00:00+00:00', 12, '2017-12-08 15:08:40+00:00', '2017-12-08 15:08:40+00:00', NULL),
	(303678490634584065, 8, 1, 303678489532694529, 6, 10, '2018-02-10', '2017-12-08 14:00:00+00:00', 12, '2017-12-08 15:08:40+00:00', '2017-12-08 15:08:40+00:00', NULL),
	(303678490728628225, 8, 1, 303678489532694529, 6, 11, '2018-02-17', '2017-12-08 14:00:00+00:00', 12, '2017-12-08 15:08:40+00:00', '2017-12-08 15:08:40+00:00', NULL),
	(303678490828013569, 8, 1, 303678489532694529, 6, 12, '2018-02-24', '2017-12-08 14:00:00+00:00', 12, '2017-12-08 15:08:40+00:00', '2017-12-08 15:08:40+00:00', NULL),
	(303678979987668993, 8, 1, 303678979814719489, 6, 1, '2017-12-09', '2017-12-08 15:00:00+00:00', 12, '2017-12-08 15:11:09+00:00', '2017-12-08 15:11:09+00:00', 30),
	(303678980232445953, 8, 1, 303678979814719489, 6, 2, '2017-12-16', '2017-12-08 15:00:00+00:00', 12, '2017-12-08 15:11:10+00:00', '2017-12-08 15:11:10+00:00', 30),
	(303678980379869185, 8, 1, 303678979814719489, 6, 3, '2017-12-23', '2017-12-08 15:00:00+00:00', 12, '2017-12-08 15:11:10+00:00', '2017-12-08 15:11:10+00:00', 30),
	(303678980502192129, 8, 1, 303678979814719489, 6, 4, '2017-12-30', '2017-12-08 15:00:00+00:00', 12, '2017-12-08 15:11:10+00:00', '2017-12-08 15:11:10+00:00', 30),
	(303678980596629505, 8, 1, 303678979814719489, 6, 5, '2018-01-06', '2017-12-08 15:00:00+00:00', 12, '2017-12-08 15:11:10+00:00', '2017-12-08 15:11:10+00:00', 30),
	(303678980686610433, 8, 1, 303678979814719489, 6, 6, '2018-01-13', '2017-12-08 15:00:00+00:00', 12, '2017-12-08 15:11:10+00:00', '2017-12-08 15:11:10+00:00', 30),
	(303678980783046657, 8, 1, 303678979814719489, 6, 7, '2018-01-20', '2017-12-08 15:00:00+00:00', 12, '2017-12-08 15:11:10+00:00', '2017-12-08 15:11:10+00:00', 30),
	(303678980887445505, 8, 1, 303678979814719489, 6, 8, '2018-01-27', '2017-12-08 15:00:00+00:00', 12, '2017-12-08 15:11:10+00:00', '2017-12-08 15:11:10+00:00', 30),
	(303678980987715585, 8, 1, 303678979814719489, 6, 9, '2018-02-03', '2017-12-08 15:00:00+00:00', 12, '2017-12-08 15:11:10+00:00', '2017-12-08 15:11:10+00:00', 30),
	(303678981089460225, 8, 1, 303678979814719489, 6, 10, '2018-02-10', '2017-12-08 15:00:00+00:00', 12, '2017-12-08 15:11:10+00:00', '2017-12-08 15:11:10+00:00', 30),
	(303678981184749569, 8, 1, 303678979814719489, 6, 11, '2018-02-17', '2017-12-08 15:00:00+00:00', 12, '2017-12-08 15:11:10+00:00', '2017-12-08 15:11:10+00:00', 30),
	(303678981260673025, 8, 1, 303678979814719489, 6, 12, '2018-02-24', '2017-12-08 15:00:00+00:00', 12, '2017-12-08 15:11:10+00:00', '2017-12-08 15:11:10+00:00', 30),
	(303928940467060737, 8, 1, 303928940292964353, 6, 1, '2017-12-16', '2017-12-09 10:00:00+00:00', 12, '2017-12-09 12:22:31+00:00', '2017-12-09 12:22:31+00:00', 30),
	(303928940546785281, 8, 1, 303928940292964353, 6, 2, '2017-12-23', '2017-12-09 10:00:00+00:00', 12, '2017-12-09 12:22:31+00:00', '2017-12-09 12:22:31+00:00', 30),
	(303928940618514433, 8, 1, 303928940292964353, 6, 3, '2017-12-30', '2017-12-09 10:00:00+00:00', 12, '2017-12-09 12:22:31+00:00', '2017-12-09 12:22:31+00:00', 30),
	(303928940699516929, 8, 1, 303928940292964353, 6, 4, '2018-01-06', '2017-12-09 10:00:00+00:00', 12, '2017-12-09 12:22:31+00:00', '2017-12-09 12:22:31+00:00', 30),
	(303928940813058049, 8, 1, 303928940292964353, 6, 5, '2018-01-13', '2017-12-09 10:00:00+00:00', 12, '2017-12-09 12:22:31+00:00', '2017-12-09 12:22:31+00:00', 30),
	(303928940895371265, 8, 1, 303928940292964353, 6, 6, '2018-01-20', '2017-12-09 10:00:00+00:00', 12, '2017-12-09 12:22:31+00:00', '2017-12-09 12:22:31+00:00', 30),
	(303928940961726465, 8, 1, 303928940292964353, 6, 7, '2018-01-27', '2017-12-09 10:00:00+00:00', 12, '2017-12-09 12:22:32+00:00', '2017-12-09 12:22:32+00:00', 30),
	(303928941026967553, 8, 1, 303928940292964353, 6, 8, '2018-02-03', '2017-12-09 10:00:00+00:00', 12, '2017-12-09 12:22:32+00:00', '2017-12-09 12:22:32+00:00', 30),
	(303928941135593473, 8, 1, 303928940292964353, 6, 9, '2018-02-10', '2017-12-09 10:00:00+00:00', 12, '2017-12-09 12:22:32+00:00', '2017-12-09 12:22:32+00:00', 30),
	(303928941274136577, 8, 1, 303928940292964353, 6, 10, '2018-02-17', '2017-12-09 10:00:00+00:00', 12, '2017-12-09 12:22:32+00:00', '2017-12-09 12:22:32+00:00', 30),
	(303928941363068929, 8, 1, 303928940292964353, 6, 11, '2018-02-24', '2017-12-09 10:00:00+00:00', 12, '2017-12-09 12:22:32+00:00', '2017-12-09 12:22:32+00:00', 30),
	(303928941437288449, 8, 1, 303928940292964353, 6, 12, '2018-03-03', '2017-12-09 10:00:00+00:00', 12, '2017-12-09 12:22:32+00:00', '2017-12-09 12:22:32+00:00', 30),
	(303929132369510401, 8, 2, 303929132288770049, 6, 1, '2017-12-12', '2017-12-09 10:00:00+00:00', 12, '2017-12-09 12:23:30+00:00', '2017-12-09 12:23:30+00:00', 30),
	(303929132430000129, 8, 2, 303929132288770049, 6, 2, '2017-12-19', '2017-12-09 10:00:00+00:00', 12, '2017-12-09 12:23:30+00:00', '2017-12-09 12:23:30+00:00', 30),
	(303929132490522625, 8, 2, 303929132288770049, 6, 3, '2017-12-26', '2017-12-09 10:00:00+00:00', 12, '2017-12-09 12:23:30+00:00', '2017-12-09 12:23:30+00:00', 30),
	(303929132554977281, 8, 2, 303929132288770049, 6, 4, '2018-01-02', '2017-12-09 10:00:00+00:00', 12, '2017-12-09 12:23:30+00:00', '2017-12-09 12:23:30+00:00', 30),
	(303929132616974337, 8, 2, 303929132288770049, 6, 5, '2018-01-09', '2017-12-09 10:00:00+00:00', 12, '2017-12-09 12:23:30+00:00', '2017-12-09 12:23:30+00:00', 30),
	(303929132678152193, 8, 2, 303929132288770049, 6, 6, '2018-01-16', '2017-12-09 10:00:00+00:00', 12, '2017-12-09 12:23:30+00:00', '2017-12-09 12:23:30+00:00', 30),
	(303929132735528961, 8, 2, 303929132288770049, 6, 7, '2018-01-23', '2017-12-09 10:00:00+00:00', 12, '2017-12-09 12:23:30+00:00', '2017-12-09 12:23:30+00:00', 30),
	(303929132795985921, 8, 2, 303929132288770049, 6, 8, '2018-01-30', '2017-12-09 10:00:00+00:00', 12, '2017-12-09 12:23:30+00:00', '2017-12-09 12:23:30+00:00', 30),
	(303929132855099393, 8, 2, 303929132288770049, 6, 9, '2018-02-06', '2017-12-09 10:00:00+00:00', 12, '2017-12-09 12:23:30+00:00', '2017-12-09 12:23:30+00:00', 30),
	(303929132914278401, 8, 2, 303929132288770049, 6, 10, '2018-02-13', '2017-12-09 10:00:00+00:00', 12, '2017-12-09 12:23:30+00:00', '2017-12-09 12:23:30+00:00', 30),
	(303929132972670977, 8, 2, 303929132288770049, 6, 11, '2018-02-20', '2017-12-09 10:00:00+00:00', 12, '2017-12-09 12:23:30+00:00', '2017-12-09 12:23:30+00:00', 30),
	(303929133030539265, 8, 2, 303929132288770049, 6, 12, '2018-02-27', '2017-12-09 10:00:00+00:00', 12, '2017-12-09 12:23:30+00:00', '2017-12-09 12:23:30+00:00', 30),
	(303929195411570689, 8, 2, 303929194922868737, 6, 1, '2017-12-12', '2017-12-09 10:30:00+00:00', 12, '2017-12-09 12:23:49+00:00', '2017-12-09 12:23:49+00:00', 30),
	(303929195478712321, 8, 2, 303929194922868737, 6, 2, '2017-12-19', '2017-12-09 10:30:00+00:00', 12, '2017-12-09 12:23:49+00:00', '2017-12-09 12:23:49+00:00', 30),
	(303929195540152321, 8, 2, 303929194922868737, 6, 3, '2017-12-26', '2017-12-09 10:30:00+00:00', 12, '2017-12-09 12:23:49+00:00', '2017-12-09 12:23:49+00:00', 30),
	(303929195630657537, 8, 2, 303929194922868737, 6, 4, '2018-01-02', '2017-12-09 10:30:00+00:00', 12, '2017-12-09 12:23:49+00:00', '2017-12-09 12:23:49+00:00', 30);

INSERT INTO classevents (id, swimclass_id, venue_id, coursegroup_id, spaces, weeknum, classdate, "time", length, created, modified, duration) VALUES
	(303929195699994625, 8, 2, 303929194922868737, 6, 5, '2018-01-09', '2017-12-09 10:30:00+00:00', 12, '2017-12-09 12:23:49+00:00', '2017-12-09 12:23:49+00:00', 30),
	(303929195760910337, 8, 2, 303929194922868737, 6, 6, '2018-01-16', '2017-12-09 10:30:00+00:00', 12, '2017-12-09 12:23:49+00:00', '2017-12-09 12:23:49+00:00', 30),
	(303929195822284801, 8, 2, 303929194922868737, 6, 7, '2018-01-23', '2017-12-09 10:30:00+00:00', 12, '2017-12-09 12:23:49+00:00', '2017-12-09 12:23:49+00:00', 30),
	(303929195892899841, 8, 2, 303929194922868737, 6, 8, '2018-01-30', '2017-12-09 10:30:00+00:00', 12, '2017-12-09 12:23:49+00:00', '2017-12-09 12:23:49+00:00', 30),
	(303929195957944321, 8, 2, 303929194922868737, 6, 9, '2018-02-06', '2017-12-09 10:30:00+00:00', 12, '2017-12-09 12:23:49+00:00', '2017-12-09 12:23:49+00:00', 30),
	(303929196014600193, 8, 2, 303929194922868737, 6, 10, '2018-02-13', '2017-12-09 10:30:00+00:00', 12, '2017-12-09 12:23:49+00:00', '2017-12-09 12:23:49+00:00', 30),
	(303929196096716801, 8, 2, 303929194922868737, 6, 11, '2018-02-20', '2017-12-09 10:30:00+00:00', 12, '2017-12-09 12:23:49+00:00', '2017-12-09 12:23:49+00:00', 30),
	(303929196158681089, 8, 2, 303929194922868737, 6, 12, '2018-02-27', '2017-12-09 10:30:00+00:00', 12, '2017-12-09 12:23:49+00:00', '2017-12-09 12:23:49+00:00', 30),
	(303929285246976001, 8, 2, 303929285135499265, 6, 1, '2017-12-12', '2017-12-09 11:00:00+00:00', 12, '2017-12-09 12:24:17+00:00', '2017-12-09 12:24:17+00:00', 30),
	(303929285311266817, 8, 2, 303929285135499265, 6, 2, '2017-12-19', '2017-12-09 11:00:00+00:00', 12, '2017-12-09 12:24:17+00:00', '2017-12-09 12:24:17+00:00', 30),
	(303929285374672897, 8, 2, 303929285135499265, 6, 3, '2017-12-26', '2017-12-09 11:00:00+00:00', 12, '2017-12-09 12:24:17+00:00', '2017-12-09 12:24:17+00:00', 30),
	(303929285431164929, 8, 2, 303929285135499265, 6, 4, '2018-01-02', '2017-12-09 11:00:00+00:00', 12, '2017-12-09 12:24:17+00:00', '2017-12-09 12:24:17+00:00', 30),
	(303929285492703233, 8, 2, 303929285135499265, 6, 5, '2018-01-09', '2017-12-09 11:00:00+00:00', 12, '2017-12-09 12:24:17+00:00', '2017-12-09 12:24:17+00:00', 30),
	(303929285550637057, 8, 2, 303929285135499265, 6, 6, '2018-01-16', '2017-12-09 11:00:00+00:00', 12, '2017-12-09 12:24:17+00:00', '2017-12-09 12:24:17+00:00', 30),
	(303929285611094017, 8, 2, 303929285135499265, 6, 7, '2018-01-23', '2017-12-09 11:00:00+00:00', 12, '2017-12-09 12:24:17+00:00', '2017-12-09 12:24:17+00:00', 30),
	(303929285668208641, 8, 2, 303929285135499265, 6, 8, '2018-01-30', '2017-12-09 11:00:00+00:00', 12, '2017-12-09 12:24:17+00:00', '2017-12-09 12:24:17+00:00', 30),
	(303929285729714177, 8, 2, 303929285135499265, 6, 9, '2018-02-06', '2017-12-09 11:00:00+00:00', 12, '2017-12-09 12:24:17+00:00', '2017-12-09 12:24:17+00:00', 30),
	(303929285790597121, 8, 2, 303929285135499265, 6, 10, '2018-02-13', '2017-12-09 11:00:00+00:00', 12, '2017-12-09 12:24:17+00:00', '2017-12-09 12:24:17+00:00', 30),
	(303929285853347841, 8, 2, 303929285135499265, 6, 11, '2018-02-20', '2017-12-09 11:00:00+00:00', 12, '2017-12-09 12:24:17+00:00', '2017-12-09 12:24:17+00:00', 30),
	(303929285913280513, 8, 2, 303929285135499265, 6, 12, '2018-02-27', '2017-12-09 11:00:00+00:00', 12, '2017-12-09 12:24:17+00:00', '2017-12-09 12:24:17+00:00', 30),
	(303929364033306625, 8, 2, 303929363901579265, 6, 1, '2017-12-12', '2017-12-09 11:30:00+00:00', 12, '2017-12-09 12:24:41+00:00', '2017-12-09 12:24:41+00:00', 30),
	(303929364102184961, 8, 2, 303929363901579265, 6, 2, '2017-12-19', '2017-12-09 11:30:00+00:00', 12, '2017-12-09 12:24:41+00:00', '2017-12-09 12:24:41+00:00', 30),
	(303929364182892545, 8, 2, 303929363901579265, 6, 3, '2017-12-26', '2017-12-09 11:30:00+00:00', 12, '2017-12-09 12:24:41+00:00', '2017-12-09 12:24:41+00:00', 30),
	(303929364257472513, 8, 2, 303929363901579265, 6, 4, '2018-01-02', '2017-12-09 11:30:00+00:00', 12, '2017-12-09 12:24:41+00:00', '2017-12-09 12:24:41+00:00', 30),
	(303929364328218625, 8, 2, 303929363901579265, 6, 5, '2018-01-09', '2017-12-09 11:30:00+00:00', 12, '2017-12-09 12:24:41+00:00', '2017-12-09 12:24:41+00:00', 30),
	(303929364397096961, 8, 2, 303929363901579265, 6, 6, '2018-01-16', '2017-12-09 11:30:00+00:00', 12, '2017-12-09 12:24:41+00:00', '2017-12-09 12:24:41+00:00', 30),
	(303929364464730113, 8, 2, 303929363901579265, 6, 7, '2018-01-23', '2017-12-09 11:30:00+00:00', 12, '2017-12-09 12:24:41+00:00', '2017-12-09 12:24:41+00:00', 30),
	(303929364549926913, 8, 2, 303929363901579265, 6, 8, '2018-01-30', '2017-12-09 11:30:00+00:00', 12, '2017-12-09 12:24:41+00:00', '2017-12-09 12:24:41+00:00', 30),
	(303929364640497665, 8, 2, 303929363901579265, 6, 9, '2018-02-06', '2017-12-09 11:30:00+00:00', 12, '2017-12-09 12:24:41+00:00', '2017-12-09 12:24:41+00:00', 30),
	(303929364731101185, 8, 2, 303929363901579265, 6, 10, '2018-02-13', '2017-12-09 11:30:00+00:00', 12, '2017-12-09 12:24:41+00:00', '2017-12-09 12:24:41+00:00', 30),
	(303929365026045953, 8, 2, 303929363901579265, 6, 11, '2018-02-20', '2017-12-09 11:30:00+00:00', 12, '2017-12-09 12:24:41+00:00', '2017-12-09 12:24:41+00:00', 30),
	(303929365143748609, 8, 2, 303929363901579265, 6, 12, '2018-02-27', '2017-12-09 11:30:00+00:00', 12, '2017-12-09 12:24:41+00:00', '2017-12-09 12:24:41+00:00', 30),
	(304476663709925377, 6, 1, 304476663580196865, 6, 1, '2017-12-12', '2017-12-11 10:00:00+00:00', 12, '2017-12-11 10:48:23+00:00', '2017-12-11 10:48:23+00:00', 30),
	(304476663774478337, 6, 1, 304476663580196865, 6, 2, '2017-12-19', '2017-12-11 10:00:00+00:00', 12, '2017-12-11 10:48:23+00:00', '2017-12-11 10:48:23+00:00', 30),
	(304476663837163521, 6, 1, 304476663580196865, 6, 3, '2017-12-26', '2017-12-11 10:00:00+00:00', 12, '2017-12-11 10:48:23+00:00', '2017-12-11 10:48:23+00:00', 30),
	(304476663899258881, 6, 1, 304476663580196865, 6, 4, '2018-01-02', '2017-12-11 10:00:00+00:00', 12, '2017-12-11 10:48:23+00:00', '2017-12-11 10:48:23+00:00', 30),
	(304476663960731649, 6, 1, 304476663580196865, 6, 5, '2018-01-09', '2017-12-11 10:00:00+00:00', 12, '2017-12-11 10:48:23+00:00', '2017-12-11 10:48:23+00:00', 30),
	(304476664017911809, 6, 1, 304476663580196865, 6, 6, '2018-01-16', '2017-12-11 10:00:00+00:00', 12, '2017-12-11 10:48:23+00:00', '2017-12-11 10:48:23+00:00', 30),
	(304476664077975553, 6, 1, 304476663580196865, 6, 7, '2018-01-23', '2017-12-11 10:00:00+00:00', 12, '2017-12-11 10:48:23+00:00', '2017-12-11 10:48:23+00:00', 30),
	(304476664149606401, 6, 1, 304476663580196865, 6, 8, '2018-01-30', '2017-12-11 10:00:00+00:00', 12, '2017-12-11 10:48:23+00:00', '2017-12-11 10:48:23+00:00', 30),
	(304476664234311681, 6, 1, 304476663580196865, 6, 9, '2018-02-06', '2017-12-11 10:00:00+00:00', 12, '2017-12-11 10:48:23+00:00', '2017-12-11 10:48:23+00:00', 30),
	(304476664318328833, 6, 1, 304476663580196865, 6, 10, '2018-02-13', '2017-12-11 10:00:00+00:00', 12, '2017-12-11 10:48:23+00:00', '2017-12-11 10:48:23+00:00', 30),
	(304476664392220673, 6, 1, 304476663580196865, 6, 11, '2018-02-20', '2017-12-11 10:00:00+00:00', 12, '2017-12-11 10:48:23+00:00', '2017-12-11 10:48:23+00:00', 30),
	(304476664481120257, 6, 1, 304476663580196865, 6, 12, '2018-02-27', '2017-12-11 10:00:00+00:00', 12, '2017-12-11 10:48:23+00:00', '2017-12-11 10:48:23+00:00', 30),
	(304480942615265281, 6, 1, 304480942469087233, 6, 1, '2017-12-15', '2017-12-11 10:00:00+00:00', 12, '2017-12-11 11:10:09+00:00', '2017-12-11 11:10:09+00:00', 30),
	(304480942683979777, 6, 1, 304480942469087233, 6, 2, '2017-12-22', '2017-12-11 10:00:00+00:00', 12, '2017-12-11 11:10:09+00:00', '2017-12-11 11:10:09+00:00', 30),
	(304480942762590209, 6, 1, 304480942469087233, 6, 3, '2017-12-29', '2017-12-11 10:00:00+00:00', 12, '2017-12-11 11:10:09+00:00', '2017-12-11 11:10:09+00:00', 30),
	(304480942834352129, 6, 1, 304480942469087233, 6, 4, '2018-01-05', '2017-12-11 10:00:00+00:00', 12, '2017-12-11 11:10:09+00:00', '2017-12-11 11:10:09+00:00', 30),
	(304480942909325313, 6, 1, 304480942469087233, 6, 5, '2018-01-12', '2017-12-11 10:00:00+00:00', 12, '2017-12-11 11:10:09+00:00', '2017-12-11 11:10:09+00:00', 30),
	(304480942978957313, 6, 1, 304480942469087233, 6, 6, '2018-01-19', '2017-12-11 10:00:00+00:00', 12, '2017-12-11 11:10:09+00:00', '2017-12-11 11:10:09+00:00', 30),
	(304480943051800577, 6, 1, 304480942469087233, 6, 7, '2018-01-26', '2017-12-11 10:00:00+00:00', 12, '2017-12-11 11:10:09+00:00', '2017-12-11 11:10:09+00:00', 30),
	(304480943120351233, 6, 1, 304480942469087233, 6, 8, '2018-02-02', '2017-12-11 10:00:00+00:00', 12, '2017-12-11 11:10:09+00:00', '2017-12-11 11:10:09+00:00', 30),
	(304480943189557249, 6, 1, 304480942469087233, 6, 9, '2018-02-09', '2017-12-11 10:00:00+00:00', 12, '2017-12-11 11:10:09+00:00', '2017-12-11 11:10:09+00:00', 30),
	(304480943271182337, 6, 1, 304480942469087233, 6, 10, '2018-02-16', '2017-12-11 10:00:00+00:00', 12, '2017-12-11 11:10:09+00:00', '2017-12-11 11:10:09+00:00', 30),
	(304480943349792769, 6, 1, 304480942469087233, 6, 11, '2018-02-23', '2017-12-11 10:00:00+00:00', 12, '2017-12-11 11:10:09+00:00', '2017-12-11 11:10:09+00:00', 30),
	(304480943438135297, 6, 1, 304480942469087233, 6, 12, '2018-03-02', '2017-12-11 10:00:00+00:00', 12, '2017-12-11 11:10:09+00:00', '2017-12-11 11:10:09+00:00', 30),
	(304480943569928193, 6, 1, 304480943504621569, 6, 1, '2017-12-15', '2017-12-11 10:30:00+00:00', 12, '2017-12-11 11:10:09+00:00', '2017-12-11 11:10:09+00:00', 30),
	(304480943644344321, 6, 1, 304480943504621569, 6, 2, '2017-12-22', '2017-12-11 10:30:00+00:00', 12, '2017-12-11 11:10:09+00:00', '2017-12-11 11:10:09+00:00', 30),
	(304480943716990977, 6, 1, 304480943504621569, 6, 3, '2017-12-29', '2017-12-11 10:30:00+00:00', 12, '2017-12-11 11:10:09+00:00', '2017-12-11 11:10:09+00:00', 30),
	(304480943790194689, 6, 1, 304480943504621569, 6, 4, '2018-01-05', '2017-12-11 10:30:00+00:00', 12, '2017-12-11 11:10:09+00:00', '2017-12-11 11:10:09+00:00', 30),
	(304480943865364481, 6, 1, 304480943504621569, 6, 5, '2018-01-12', '2017-12-11 10:30:00+00:00', 12, '2017-12-11 11:10:09+00:00', '2017-12-11 11:10:09+00:00', 30),
	(304480943949119489, 6, 1, 304480943504621569, 6, 6, '2018-01-19', '2017-12-11 10:30:00+00:00', 12, '2017-12-11 11:10:09+00:00', '2017-12-11 11:10:09+00:00', 30),
	(304480944026058753, 6, 1, 304480943504621569, 6, 7, '2018-01-26', '2017-12-11 10:30:00+00:00', 12, '2017-12-11 11:10:09+00:00', '2017-12-11 11:10:09+00:00', 30),
	(304480944102735873, 6, 1, 304480943504621569, 6, 8, '2018-02-02', '2017-12-11 10:30:00+00:00', 12, '2017-12-11 11:10:09+00:00', '2017-12-11 11:10:09+00:00', 30),
	(304480944178200577, 6, 1, 304480943504621569, 6, 9, '2018-02-09', '2017-12-11 10:30:00+00:00', 12, '2017-12-11 11:10:10+00:00', '2017-12-11 11:10:10+00:00', 30),
	(304480944255631361, 6, 1, 304480943504621569, 6, 10, '2018-02-16', '2017-12-11 10:30:00+00:00', 12, '2017-12-11 11:10:10+00:00', '2017-12-11 11:10:10+00:00', 30),
	(304480944331620353, 6, 1, 304480943504621569, 6, 11, '2018-02-23', '2017-12-11 10:30:00+00:00', 12, '2017-12-11 11:10:10+00:00', '2017-12-11 11:10:10+00:00', 30),
	(304480944406528001, 6, 1, 304480943504621569, 6, 12, '2018-03-02', '2017-12-11 10:30:00+00:00', 12, '2017-12-11 11:10:10+00:00', '2017-12-11 11:10:10+00:00', 30),
	(304480944566960129, 6, 1, 304480944489758721, 6, 1, '2017-12-15', '2017-12-11 11:00:00+00:00', 12, '2017-12-11 11:10:10+00:00', '2017-12-11 11:10:10+00:00', 30),
	(304480944645865473, 6, 1, 304480944489758721, 6, 2, '2017-12-22', '2017-12-11 11:00:00+00:00', 12, '2017-12-11 11:10:10+00:00', '2017-12-11 11:10:10+00:00', 30),
	(304480944719691777, 6, 1, 304480944489758721, 6, 3, '2017-12-29', '2017-12-11 11:00:00+00:00', 12, '2017-12-11 11:10:10+00:00', '2017-12-11 11:10:10+00:00', 30),
	(304480944791355393, 6, 1, 304480944489758721, 6, 4, '2018-01-05', '2017-12-11 11:00:00+00:00', 12, '2017-12-11 11:10:10+00:00', '2017-12-11 11:10:10+00:00', 30),
	(304480944879468545, 6, 1, 304480944489758721, 6, 5, '2018-01-12', '2017-12-11 11:00:00+00:00', 12, '2017-12-11 11:10:10+00:00', '2017-12-11 11:10:10+00:00', 30),
	(304480944961028097, 6, 1, 304480944489758721, 6, 6, '2018-01-19', '2017-12-11 11:00:00+00:00', 12, '2017-12-11 11:10:10+00:00', '2017-12-11 11:10:10+00:00', 30),
	(304480945043111937, 6, 1, 304480944489758721, 6, 7, '2018-01-26', '2017-12-11 11:00:00+00:00', 12, '2017-12-11 11:10:10+00:00', '2017-12-11 11:10:10+00:00', 30),
	(304480945129881601, 6, 1, 304480944489758721, 6, 8, '2018-02-02', '2017-12-11 11:00:00+00:00', 12, '2017-12-11 11:10:10+00:00', '2017-12-11 11:10:10+00:00', 30),
	(304480945201315841, 6, 1, 304480944489758721, 6, 9, '2018-02-09', '2017-12-11 11:00:00+00:00', 12, '2017-12-11 11:10:10+00:00', '2017-12-11 11:10:10+00:00', 30),
	(304480945281859585, 6, 1, 304480944489758721, 6, 10, '2018-02-16', '2017-12-11 11:00:00+00:00', 12, '2017-12-11 11:10:10+00:00', '2017-12-11 11:10:10+00:00', 30),
	(304480945363124225, 6, 1, 304480944489758721, 6, 11, '2018-02-23', '2017-12-11 11:00:00+00:00', 12, '2017-12-11 11:10:10+00:00', '2017-12-11 11:10:10+00:00', 30),
	(304480945436688385, 6, 1, 304480944489758721, 6, 12, '2018-03-02', '2017-12-11 11:00:00+00:00', 12, '2017-12-11 11:10:10+00:00', '2017-12-11 11:10:10+00:00', 30),
	(304480945618911233, 6, 1, 304480945527947265, 6, 1, '2017-12-15', '2017-12-11 11:30:00+00:00', 12, '2017-12-11 11:10:10+00:00', '2017-12-11 11:10:10+00:00', 30),
	(304480945700831233, 6, 1, 304480945527947265, 6, 2, '2017-12-22', '2017-12-11 11:30:00+00:00', 12, '2017-12-11 11:10:10+00:00', '2017-12-11 11:10:10+00:00', 30),
	(304480945798021121, 6, 1, 304480945527947265, 6, 3, '2017-12-29', '2017-12-11 11:30:00+00:00', 12, '2017-12-11 11:10:10+00:00', '2017-12-11 11:10:10+00:00', 30),
	(304480945902223361, 6, 1, 304480945527947265, 6, 4, '2018-01-05', '2017-12-11 11:30:00+00:00', 12, '2017-12-11 11:10:10+00:00', '2017-12-11 11:10:10+00:00', 30),
	(304480945998233601, 6, 1, 304480945527947265, 6, 5, '2018-01-12', '2017-12-11 11:30:00+00:00', 12, '2017-12-11 11:10:10+00:00', '2017-12-11 11:10:10+00:00', 30),
	(304480946080088065, 6, 1, 304480945527947265, 6, 6, '2018-01-19', '2017-12-11 11:30:00+00:00', 12, '2017-12-11 11:10:10+00:00', '2017-12-11 11:10:10+00:00', 30),
	(304480946154962945, 6, 1, 304480945527947265, 6, 7, '2018-01-26', '2017-12-11 11:30:00+00:00', 12, '2017-12-11 11:10:10+00:00', '2017-12-11 11:10:10+00:00', 30),
	(304480946230984705, 6, 1, 304480945527947265, 6, 8, '2018-02-02', '2017-12-11 11:30:00+00:00', 12, '2017-12-11 11:10:10+00:00', '2017-12-11 11:10:10+00:00', 30),
	(304480946311036929, 6, 1, 304480945527947265, 6, 9, '2018-02-09', '2017-12-11 11:30:00+00:00', 12, '2017-12-11 11:10:10+00:00', '2017-12-11 11:10:10+00:00', 30),
	(304480946392006657, 6, 1, 304480945527947265, 6, 10, '2018-02-16', '2017-12-11 11:30:00+00:00', 12, '2017-12-11 11:10:10+00:00', '2017-12-11 11:10:10+00:00', 30),
	(304480946461343745, 6, 1, 304480945527947265, 6, 11, '2018-02-23', '2017-12-11 11:30:00+00:00', 12, '2017-12-11 11:10:10+00:00', '2017-12-11 11:10:10+00:00', 30),
	(304480946537594881, 6, 1, 304480945527947265, 6, 12, '2018-03-02', '2017-12-11 11:30:00+00:00', 12, '2017-12-11 11:10:10+00:00', '2017-12-11 11:10:10+00:00', 30),
	(304480946709856257, 6, 1, 304480946625740801, 6, 1, '2017-12-15', '2017-12-11 13:00:00+00:00', 12, '2017-12-11 11:10:10+00:00', '2017-12-11 11:10:10+00:00', 30),
	(304480946784927745, 6, 1, 304480946625740801, 6, 2, '2017-12-22', '2017-12-11 13:00:00+00:00', 12, '2017-12-11 11:10:10+00:00', '2017-12-11 11:10:10+00:00', 30),
	(304480946918359041, 6, 1, 304480946625740801, 6, 3, '2017-12-29', '2017-12-11 13:00:00+00:00', 12, '2017-12-11 11:10:10+00:00', '2017-12-11 11:10:10+00:00', 30),
	(304480947008143361, 6, 1, 304480946625740801, 6, 4, '2018-01-05', '2017-12-11 13:00:00+00:00', 12, '2017-12-11 11:10:10+00:00', '2017-12-11 11:10:10+00:00', 30),
	(304480947094290433, 6, 1, 304480946625740801, 6, 5, '2018-01-12', '2017-12-11 13:00:00+00:00', 12, '2017-12-11 11:10:10+00:00', '2017-12-11 11:10:10+00:00', 30),
	(304480947180699649, 6, 1, 304480946625740801, 6, 6, '2018-01-19', '2017-12-11 13:00:00+00:00', 12, '2017-12-11 11:10:10+00:00', '2017-12-11 11:10:10+00:00', 30),
	(304480947255312385, 6, 1, 304480946625740801, 6, 7, '2018-01-26', '2017-12-11 13:00:00+00:00', 12, '2017-12-11 11:10:10+00:00', '2017-12-11 11:10:10+00:00', 30),
	(304480947358236673, 6, 1, 304480946625740801, 6, 8, '2018-02-02', '2017-12-11 13:00:00+00:00', 12, '2017-12-11 11:10:10+00:00', '2017-12-11 11:10:10+00:00', 30);

INSERT INTO classevents (id, swimclass_id, venue_id, coursegroup_id, spaces, weeknum, classdate, "time", length, created, modified, duration) VALUES
	(304480947472171009, 6, 1, 304480946625740801, 6, 9, '2018-02-09', '2017-12-11 13:00:00+00:00', 12, '2017-12-11 11:10:11+00:00', '2017-12-11 11:10:11+00:00', 30),
	(304480947574538241, 6, 1, 304480946625740801, 6, 10, '2018-02-16', '2017-12-11 13:00:00+00:00', 12, '2017-12-11 11:10:11+00:00', '2017-12-11 11:10:11+00:00', 30),
	(304480947653378049, 6, 1, 304480946625740801, 6, 11, '2018-02-23', '2017-12-11 13:00:00+00:00', 12, '2017-12-11 11:10:11+00:00', '2017-12-11 11:10:11+00:00', 30),
	(304480947738542081, 6, 1, 304480946625740801, 6, 12, '2018-03-02', '2017-12-11 13:00:00+00:00', 12, '2017-12-11 11:10:11+00:00', '2017-12-11 11:10:11+00:00', 30),
	(304480947921879041, 6, 1, 304480947812663297, 6, 1, '2017-12-15', '2017-12-11 13:30:00+00:00', 12, '2017-12-11 11:10:11+00:00', '2017-12-11 11:10:11+00:00', 30),
	(304480948023984129, 6, 1, 304480947812663297, 6, 2, '2017-12-22', '2017-12-11 13:30:00+00:00', 12, '2017-12-11 11:10:11+00:00', '2017-12-11 11:10:11+00:00', 30),
	(304480948134346753, 6, 1, 304480947812663297, 6, 3, '2017-12-29', '2017-12-11 13:30:00+00:00', 12, '2017-12-11 11:10:11+00:00', '2017-12-11 11:10:11+00:00', 30),
	(304480948229406721, 6, 1, 304480947812663297, 6, 4, '2018-01-05', '2017-12-11 13:30:00+00:00', 12, '2017-12-11 11:10:11+00:00', '2017-12-11 11:10:11+00:00', 30),
	(304480948309524481, 6, 1, 304480947812663297, 6, 5, '2018-01-12', '2017-12-11 13:30:00+00:00', 12, '2017-12-11 11:10:11+00:00', '2017-12-11 11:10:11+00:00', 30),
	(304480948401307649, 6, 1, 304480947812663297, 6, 6, '2018-01-19', '2017-12-11 13:30:00+00:00', 12, '2017-12-11 11:10:11+00:00', '2017-12-11 11:10:11+00:00', 30),
	(304480948494499841, 6, 1, 304480947812663297, 6, 7, '2018-01-26', '2017-12-11 13:30:00+00:00', 12, '2017-12-11 11:10:11+00:00', '2017-12-11 11:10:11+00:00', 30),
	(304480948586577921, 6, 1, 304480947812663297, 6, 8, '2018-02-02', '2017-12-11 13:30:00+00:00', 12, '2017-12-11 11:10:11+00:00', '2017-12-11 11:10:11+00:00', 30),
	(304480948688388097, 6, 1, 304480947812663297, 6, 9, '2018-02-09', '2017-12-11 13:30:00+00:00', 12, '2017-12-11 11:10:11+00:00', '2017-12-11 11:10:11+00:00', 30),
	(304480948794228737, 6, 1, 304480947812663297, 6, 10, '2018-02-16', '2017-12-11 13:30:00+00:00', 12, '2017-12-11 11:10:11+00:00', '2017-12-11 11:10:11+00:00', 30),
	(304480948890959873, 6, 1, 304480947812663297, 6, 11, '2018-02-23', '2017-12-11 13:30:00+00:00', 12, '2017-12-11 11:10:11+00:00', '2017-12-11 11:10:11+00:00', 30),
	(304480949088911361, 6, 1, 304480947812663297, 6, 12, '2018-03-02', '2017-12-11 13:30:00+00:00', 12, '2017-12-11 11:10:11+00:00', '2017-12-11 11:10:11+00:00', 30),
	(304480949467414529, 6, 1, 304480949346107393, 6, 1, '2017-12-15', '2017-12-11 14:00:00+00:00', 12, '2017-12-11 11:10:11+00:00', '2017-12-11 11:10:11+00:00', 30),
	(304480949555560449, 6, 1, 304480949346107393, 6, 2, '2017-12-22', '2017-12-11 14:00:00+00:00', 12, '2017-12-11 11:10:11+00:00', '2017-12-11 11:10:11+00:00', 30),
	(304480949630992385, 6, 1, 304480949346107393, 6, 3, '2017-12-29', '2017-12-11 14:00:00+00:00', 12, '2017-12-11 11:10:11+00:00', '2017-12-11 11:10:11+00:00', 30),
	(304480949728903169, 6, 1, 304480949346107393, 6, 4, '2018-01-05', '2017-12-11 14:00:00+00:00', 12, '2017-12-11 11:10:11+00:00', '2017-12-11 11:10:11+00:00', 30),
	(304480949826453505, 6, 1, 304480949346107393, 6, 5, '2018-01-12', '2017-12-11 14:00:00+00:00', 12, '2017-12-11 11:10:11+00:00', '2017-12-11 11:10:11+00:00', 30),
	(304480949909422081, 6, 1, 304480949346107393, 6, 6, '2018-01-19', '2017-12-11 14:00:00+00:00', 12, '2017-12-11 11:10:11+00:00', '2017-12-11 11:10:11+00:00', 30),
	(304480950025879553, 6, 1, 304480949346107393, 6, 7, '2018-01-26', '2017-12-11 14:00:00+00:00', 12, '2017-12-11 11:10:11+00:00', '2017-12-11 11:10:11+00:00', 30),
	(304480950162817025, 6, 1, 304480949346107393, 6, 8, '2018-02-02', '2017-12-11 14:00:00+00:00', 12, '2017-12-11 11:10:11+00:00', '2017-12-11 11:10:11+00:00', 30),
	(304480950373941249, 6, 1, 304480949346107393, 6, 9, '2018-02-09', '2017-12-11 14:00:00+00:00', 12, '2017-12-11 11:10:11+00:00', '2017-12-11 11:10:11+00:00', 30),
	(304480950536437761, 6, 1, 304480949346107393, 6, 10, '2018-02-16', '2017-12-11 14:00:00+00:00', 12, '2017-12-11 11:10:11+00:00', '2017-12-11 11:10:11+00:00', 30),
	(304480950826598401, 6, 1, 304480949346107393, 6, 11, '2018-02-23', '2017-12-11 14:00:00+00:00', 12, '2017-12-11 11:10:12+00:00', '2017-12-11 11:10:12+00:00', 30),
	(304480951083008001, 6, 1, 304480949346107393, 6, 12, '2018-03-02', '2017-12-11 14:00:00+00:00', 12, '2017-12-11 11:10:12+00:00', '2017-12-11 11:10:12+00:00', 30),
	(304538072552243201, 7, 2, 304538072410128385, 6, 1, '2017-11-01', '2017-12-11 10:00:00+00:00', 12, '2017-12-11 16:00:44+00:00', '2017-12-11 16:00:44+00:00', 30),
	(304538072619384833, 7, 2, 304538072410128385, 6, 2, '2017-11-08', '2017-12-11 10:00:00+00:00', 12, '2017-12-11 16:00:44+00:00', '2017-12-11 16:00:44+00:00', 30),
	(304538072765923329, 7, 2, 304538072410128385, 6, 3, '2017-11-15', '2017-12-11 10:00:00+00:00', 12, '2017-12-11 16:00:44+00:00', '2017-12-11 16:00:44+00:00', 30),
	(304538072836636673, 7, 2, 304538072410128385, 6, 4, '2017-11-22', '2017-12-11 10:00:00+00:00', 12, '2017-12-11 16:00:44+00:00', '2017-12-11 16:00:44+00:00', 30),
	(304538072906956801, 7, 2, 304538072410128385, 6, 5, '2017-11-29', '2017-12-11 10:00:00+00:00', 12, '2017-12-11 16:00:44+00:00', '2017-12-11 16:00:44+00:00', 30),
	(304538072981667841, 7, 2, 304538072410128385, 6, 6, '2017-12-06', '2017-12-11 10:00:00+00:00', 12, '2017-12-11 16:00:44+00:00', '2017-12-11 16:00:44+00:00', 30),
	(304538073100615681, 7, 2, 304538072410128385, 6, 7, '2017-12-13', '2017-12-11 10:00:00+00:00', 12, '2017-12-11 16:00:44+00:00', '2017-12-11 16:00:44+00:00', 30),
	(304538073183977473, 7, 2, 304538072410128385, 6, 8, '2017-12-20', '2017-12-11 10:00:00+00:00', 12, '2017-12-11 16:00:44+00:00', '2017-12-11 16:00:44+00:00', 30),
	(304538073257639937, 7, 2, 304538072410128385, 6, 9, '2017-12-27', '2017-12-11 10:00:00+00:00', 12, '2017-12-11 16:00:44+00:00', '2017-12-11 16:00:44+00:00', 30),
	(304538073342836737, 7, 2, 304538072410128385, 6, 10, '2018-01-03', '2017-12-11 10:00:00+00:00', 12, '2017-12-11 16:00:44+00:00', '2017-12-11 16:00:44+00:00', 30),
	(304538073437732865, 7, 2, 304538072410128385, 6, 11, '2018-01-10', '2017-12-11 10:00:00+00:00', 12, '2017-12-11 16:00:44+00:00', '2017-12-11 16:00:44+00:00', 30),
	(304538073512935425, 7, 2, 304538072410128385, 6, 12, '2018-01-17', '2017-12-11 10:00:00+00:00', 12, '2017-12-11 16:00:44+00:00', '2017-12-11 16:00:44+00:00', 30),
	(304538073657147393, 7, 2, 304538073581748225, 6, 1, '2017-11-01', '2017-12-11 10:30:00+00:00', 12, '2017-12-11 16:00:44+00:00', '2017-12-11 16:00:44+00:00', 30),
	(304538073751814145, 7, 2, 304538073581748225, 6, 2, '2017-11-08', '2017-12-11 10:30:00+00:00', 12, '2017-12-11 16:00:44+00:00', '2017-12-11 16:00:44+00:00', 30),
	(304538073817939969, 7, 2, 304538073581748225, 6, 3, '2017-11-15', '2017-12-11 10:30:00+00:00', 12, '2017-12-11 16:00:44+00:00', '2017-12-11 16:00:44+00:00', 30),
	(304538073897566209, 7, 2, 304538073581748225, 6, 4, '2017-11-22', '2017-12-11 10:30:00+00:00', 12, '2017-12-11 16:00:44+00:00', '2017-12-11 16:00:44+00:00', 30),
	(304538073962741761, 7, 2, 304538073581748225, 6, 5, '2017-11-29', '2017-12-11 10:30:00+00:00', 12, '2017-12-11 16:00:44+00:00', '2017-12-11 16:00:44+00:00', 30),
	(304538074061996033, 7, 2, 304538073581748225, 6, 6, '2017-12-06', '2017-12-11 10:30:00+00:00', 12, '2017-12-11 16:00:44+00:00', '2017-12-11 16:00:44+00:00', 30),
	(304538074128842753, 7, 2, 304538073581748225, 6, 7, '2017-12-13', '2017-12-11 10:30:00+00:00', 12, '2017-12-11 16:00:44+00:00', '2017-12-11 16:00:44+00:00', 30),
	(304538074193428481, 7, 2, 304538073581748225, 6, 8, '2017-12-20', '2017-12-11 10:30:00+00:00', 12, '2017-12-11 16:00:44+00:00', '2017-12-11 16:00:44+00:00', 30),
	(304538074257326081, 7, 2, 304538073581748225, 6, 9, '2017-12-27', '2017-12-11 10:30:00+00:00', 12, '2017-12-11 16:00:44+00:00', '2017-12-11 16:00:44+00:00', 30),
	(304538074354909185, 7, 2, 304538073581748225, 6, 10, '2018-01-03', '2017-12-11 10:30:00+00:00', 12, '2017-12-11 16:00:44+00:00', '2017-12-11 16:00:44+00:00', 30),
	(304538074431651841, 7, 2, 304538073581748225, 6, 11, '2018-01-10', '2017-12-11 10:30:00+00:00', 12, '2017-12-11 16:00:44+00:00', '2017-12-11 16:00:44+00:00', 30),
	(304538074508427265, 7, 2, 304538073581748225, 6, 12, '2018-01-17', '2017-12-11 10:30:00+00:00', 12, '2017-12-11 16:00:44+00:00', '2017-12-11 16:00:44+00:00', 30),
	(304538074654867457, 7, 2, 304538074572259329, 6, 1, '2017-11-01', '2017-12-11 11:00:00+00:00', 12, '2017-12-11 16:00:44+00:00', '2017-12-11 16:00:44+00:00', 30),
	(304538074857865217, 7, 2, 304538074572259329, 6, 2, '2017-11-08', '2017-12-11 11:00:00+00:00', 12, '2017-12-11 16:00:44+00:00', '2017-12-11 16:00:44+00:00', 30),
	(304538074999390209, 7, 2, 304538074572259329, 6, 3, '2017-11-15', '2017-12-11 11:00:00+00:00', 12, '2017-12-11 16:00:44+00:00', '2017-12-11 16:00:44+00:00', 30),
	(304538075082883073, 7, 2, 304538074572259329, 6, 4, '2017-11-22', '2017-12-11 11:00:00+00:00', 12, '2017-12-11 16:00:44+00:00', '2017-12-11 16:00:44+00:00', 30),
	(304538075155365889, 7, 2, 304538074572259329, 6, 5, '2017-11-29', '2017-12-11 11:00:00+00:00', 12, '2017-12-11 16:00:45+00:00', '2017-12-11 16:00:45+00:00', 30),
	(304538075226341377, 7, 2, 304538074572259329, 6, 6, '2017-12-06', '2017-12-11 11:00:00+00:00', 12, '2017-12-11 16:00:45+00:00', '2017-12-11 16:00:45+00:00', 30),
	(304538075309113345, 7, 2, 304538074572259329, 6, 7, '2017-12-13', '2017-12-11 11:00:00+00:00', 12, '2017-12-11 16:00:45+00:00', '2017-12-11 16:00:45+00:00', 30),
	(304538075386544129, 7, 2, 304538074572259329, 6, 8, '2017-12-20', '2017-12-11 11:00:00+00:00', 12, '2017-12-11 16:00:45+00:00', '2017-12-11 16:00:45+00:00', 30),
	(304538075451064321, 7, 2, 304538074572259329, 6, 9, '2017-12-27', '2017-12-11 11:00:00+00:00', 12, '2017-12-11 16:00:45+00:00', '2017-12-11 16:00:45+00:00', 30),
	(304538075515781121, 7, 2, 304538074572259329, 6, 10, '2018-01-03', '2017-12-11 11:00:00+00:00', 12, '2017-12-11 16:00:45+00:00', '2017-12-11 16:00:45+00:00', 30),
	(304538075583545345, 7, 2, 304538074572259329, 6, 11, '2018-01-10', '2017-12-11 11:00:00+00:00', 12, '2017-12-11 16:00:45+00:00', '2017-12-11 16:00:45+00:00', 30),
	(304538075681587201, 7, 2, 304538074572259329, 6, 12, '2018-01-17', '2017-12-11 11:00:00+00:00', 12, '2017-12-11 16:00:45+00:00', '2017-12-11 16:00:45+00:00', 30),
	(304538075817541633, 7, 2, 304538075749580801, 6, 1, '2017-11-01', '2017-12-11 11:30:00+00:00', 12, '2017-12-11 16:00:45+00:00', '2017-12-11 16:00:45+00:00', 30),
	(304538075888648193, 7, 2, 304538075749580801, 6, 2, '2017-11-08', '2017-12-11 11:30:00+00:00', 12, '2017-12-11 16:00:45+00:00', '2017-12-11 16:00:45+00:00', 30),
	(304538075984691201, 7, 2, 304538075749580801, 6, 3, '2017-11-15', '2017-12-11 11:30:00+00:00', 12, '2017-12-11 16:00:45+00:00', '2017-12-11 16:00:45+00:00', 30),
	(304538076066611201, 7, 2, 304538075749580801, 6, 4, '2017-11-22', '2017-12-11 11:30:00+00:00', 12, '2017-12-11 16:00:45+00:00', '2017-12-11 16:00:45+00:00', 30),
	(304538076139913217, 7, 2, 304538075749580801, 6, 5, '2017-11-29', '2017-12-11 11:30:00+00:00', 12, '2017-12-11 16:00:45+00:00', '2017-12-11 16:00:45+00:00', 30),
	(304538076212723713, 7, 2, 304538075749580801, 6, 6, '2017-12-06', '2017-12-11 11:30:00+00:00', 12, '2017-12-11 16:00:45+00:00', '2017-12-11 16:00:45+00:00', 30),
	(304538076293726209, 7, 2, 304538075749580801, 6, 7, '2017-12-13', '2017-12-11 11:30:00+00:00', 12, '2017-12-11 16:00:45+00:00', '2017-12-11 16:00:45+00:00', 30),
	(304538076375416833, 7, 2, 304538075749580801, 6, 8, '2017-12-20', '2017-12-11 11:30:00+00:00', 12, '2017-12-11 16:00:45+00:00', '2017-12-11 16:00:45+00:00', 30),
	(304538076449538049, 7, 2, 304538075749580801, 6, 9, '2017-12-27', '2017-12-11 11:30:00+00:00', 12, '2017-12-11 16:00:45+00:00', '2017-12-11 16:00:45+00:00', 30),
	(304538076521037825, 7, 2, 304538075749580801, 6, 10, '2018-01-03', '2017-12-11 11:30:00+00:00', 12, '2017-12-11 16:00:45+00:00', '2017-12-11 16:00:45+00:00', 30),
	(304538076594962433, 7, 2, 304538075749580801, 6, 11, '2018-01-10', '2017-12-11 11:30:00+00:00', 12, '2017-12-11 16:00:45+00:00', '2017-12-11 16:00:45+00:00', 30),
	(304538076688941057, 7, 2, 304538075749580801, 6, 12, '2018-01-17', '2017-12-11 11:30:00+00:00', 12, '2017-12-11 16:00:45+00:00', '2017-12-11 16:00:45+00:00', 30),
	(304538172840345601, 8, 1, 304538172691152897, 6, 1, '2017-11-01', '2017-12-11 10:00:00+00:00', 12, '2017-12-11 16:01:14+00:00', '2017-12-11 16:01:14+00:00', 30),
	(304538172902572033, 8, 1, 304538172691152897, 6, 2, '2017-11-08', '2017-12-11 10:00:00+00:00', 12, '2017-12-11 16:01:14+00:00', '2017-12-11 16:01:14+00:00', 30),
	(304538172962766849, 8, 1, 304538172691152897, 6, 3, '2017-11-15', '2017-12-11 10:00:00+00:00', 12, '2017-12-11 16:01:14+00:00', '2017-12-11 16:01:14+00:00', 30),
	(304538173039902721, 8, 1, 304538172691152897, 6, 4, '2017-11-22', '2017-12-11 10:00:00+00:00', 12, '2017-12-11 16:01:14+00:00', '2017-12-11 16:01:14+00:00', 30),
	(304538173125787649, 8, 1, 304538172691152897, 6, 5, '2017-11-29', '2017-12-11 10:00:00+00:00', 12, '2017-12-11 16:01:14+00:00', '2017-12-11 16:01:14+00:00', 30),
	(304538173239984129, 8, 1, 304538172691152897, 6, 6, '2017-12-06', '2017-12-11 10:00:00+00:00', 12, '2017-12-11 16:01:14+00:00', '2017-12-11 16:01:14+00:00', 30),
	(304538173364862977, 8, 1, 304538172691152897, 6, 7, '2017-12-13', '2017-12-11 10:00:00+00:00', 12, '2017-12-11 16:01:14+00:00', '2017-12-11 16:01:14+00:00', 30),
	(304538173460480001, 8, 1, 304538172691152897, 6, 8, '2017-12-20', '2017-12-11 10:00:00+00:00', 12, '2017-12-11 16:01:15+00:00', '2017-12-11 16:01:15+00:00', 30),
	(304538173526671361, 8, 1, 304538172691152897, 6, 9, '2017-12-27', '2017-12-11 10:00:00+00:00', 12, '2017-12-11 16:01:15+00:00', '2017-12-11 16:01:15+00:00', 30),
	(304538173593747457, 8, 1, 304538172691152897, 6, 10, '2018-01-03', '2017-12-11 10:00:00+00:00', 12, '2017-12-11 16:01:15+00:00', '2017-12-11 16:01:15+00:00', 30),
	(304538173664559105, 8, 1, 304538172691152897, 6, 11, '2018-01-10', '2017-12-11 10:00:00+00:00', 12, '2017-12-11 16:01:15+00:00', '2017-12-11 16:01:15+00:00', 30),
	(304538173761978369, 8, 1, 304538172691152897, 6, 12, '2018-01-17', '2017-12-11 10:00:00+00:00', 12, '2017-12-11 16:01:15+00:00', '2017-12-11 16:01:15+00:00', 30),
	(304538173921951745, 8, 1, 304538173842620417, 6, 1, '2017-11-01', '2017-12-11 10:30:00+00:00', 12, '2017-12-11 16:01:15+00:00', '2017-12-11 16:01:15+00:00', 30),
	(304538174006951937, 8, 1, 304538173842620417, 6, 2, '2017-11-08', '2017-12-11 10:30:00+00:00', 12, '2017-12-11 16:01:15+00:00', '2017-12-11 16:01:15+00:00', 30),
	(304538174091198465, 8, 1, 304538173842620417, 6, 3, '2017-11-15', '2017-12-11 10:30:00+00:00', 12, '2017-12-11 16:01:15+00:00', '2017-12-11 16:01:15+00:00', 30),
	(304538174159388673, 8, 1, 304538173842620417, 6, 4, '2017-11-22', '2017-12-11 10:30:00+00:00', 12, '2017-12-11 16:01:15+00:00', '2017-12-11 16:01:15+00:00', 30),
	(304538174222696449, 8, 1, 304538173842620417, 6, 5, '2017-11-29', '2017-12-11 10:30:00+00:00', 12, '2017-12-11 16:01:15+00:00', '2017-12-11 16:01:15+00:00', 30),
	(304538174303272961, 8, 1, 304538173842620417, 6, 6, '2017-12-06', '2017-12-11 10:30:00+00:00', 12, '2017-12-11 16:01:15+00:00', '2017-12-11 16:01:15+00:00', 30),
	(304538174395777025, 8, 1, 304538173842620417, 6, 7, '2017-12-13', '2017-12-11 10:30:00+00:00', 12, '2017-12-11 16:01:15+00:00', '2017-12-11 16:01:15+00:00', 30),
	(304538174462885889, 8, 1, 304538173842620417, 6, 8, '2017-12-20', '2017-12-11 10:30:00+00:00', 12, '2017-12-11 16:01:15+00:00', '2017-12-11 16:01:15+00:00', 30),
	(304538174524358657, 8, 1, 304538173842620417, 6, 9, '2017-12-27', '2017-12-11 10:30:00+00:00', 12, '2017-12-11 16:01:15+00:00', '2017-12-11 16:01:15+00:00', 30),
	(304538174593236993, 8, 1, 304538173842620417, 6, 10, '2018-01-03', '2017-12-11 10:30:00+00:00', 12, '2017-12-11 16:01:15+00:00', '2017-12-11 16:01:15+00:00', 30),
	(304538174692622337, 8, 1, 304538173842620417, 6, 11, '2018-01-10', '2017-12-11 10:30:00+00:00', 12, '2017-12-11 16:01:15+00:00', '2017-12-11 16:01:15+00:00', 30),
	(304538174767202305, 8, 1, 304538173842620417, 6, 12, '2018-01-17', '2017-12-11 10:30:00+00:00', 12, '2017-12-11 16:01:15+00:00', '2017-12-11 16:01:15+00:00', 30);

INSERT INTO classevents (id, swimclass_id, venue_id, coursegroup_id, spaces, weeknum, classdate, "time", length, created, modified, duration) VALUES
	(304538174894211073, 8, 1, 304538174830739457, 6, 1, '2017-11-01', '2017-12-11 11:00:00+00:00', 12, '2017-12-11 16:01:15+00:00', '2017-12-11 16:01:15+00:00', 30),
	(304538174991794177, 8, 1, 304538174830739457, 6, 2, '2017-11-08', '2017-12-11 11:00:00+00:00', 12, '2017-12-11 16:01:15+00:00', '2017-12-11 16:01:15+00:00', 30),
	(304538175089606657, 8, 1, 304538174830739457, 6, 3, '2017-11-15', '2017-12-11 11:00:00+00:00', 12, '2017-12-11 16:01:15+00:00', '2017-12-11 16:01:15+00:00', 30),
	(304538175164416001, 8, 1, 304538174830739457, 6, 4, '2017-11-22', '2017-12-11 11:00:00+00:00', 12, '2017-12-11 16:01:15+00:00', '2017-12-11 16:01:15+00:00', 30),
	(304538175231164417, 8, 1, 304538174830739457, 6, 5, '2017-11-29', '2017-12-11 11:00:00+00:00', 12, '2017-12-11 16:01:15+00:00', '2017-12-11 16:01:15+00:00', 30),
	(304538175297421313, 8, 1, 304538174830739457, 6, 6, '2017-12-06', '2017-12-11 11:00:00+00:00', 12, '2017-12-11 16:01:15+00:00', '2017-12-11 16:01:15+00:00', 30),
	(304538175403065345, 8, 1, 304538174830739457, 6, 7, '2017-12-13', '2017-12-11 11:00:00+00:00', 12, '2017-12-11 16:01:15+00:00', '2017-12-11 16:01:15+00:00', 30),
	(304538175476826113, 8, 1, 304538174830739457, 6, 8, '2017-12-20', '2017-12-11 11:00:00+00:00', 12, '2017-12-11 16:01:15+00:00', '2017-12-11 16:01:15+00:00', 30),
	(304538175539707905, 8, 1, 304538174830739457, 6, 9, '2017-12-27', '2017-12-11 11:00:00+00:00', 12, '2017-12-11 16:01:15+00:00', '2017-12-11 16:01:15+00:00', 30),
	(304538175602884609, 8, 1, 304538174830739457, 6, 10, '2018-01-03', '2017-12-11 11:00:00+00:00', 12, '2017-12-11 16:01:15+00:00', '2017-12-11 16:01:15+00:00', 30),
	(304538175696404481, 8, 1, 304538174830739457, 6, 11, '2018-01-10', '2017-12-11 11:00:00+00:00', 12, '2017-12-11 16:01:15+00:00', '2017-12-11 16:01:15+00:00', 30),
	(304538175757582337, 8, 1, 304538174830739457, 6, 12, '2018-01-17', '2017-12-11 11:00:00+00:00', 12, '2017-12-11 16:01:15+00:00', '2017-12-11 16:01:15+00:00', 30),
	(304538175893012481, 8, 1, 304538175825575937, 6, 1, '2017-11-01', '2017-12-11 11:30:00+00:00', 12, '2017-12-11 16:01:15+00:00', '2017-12-11 16:01:15+00:00', 30),
	(304538175960055809, 8, 1, 304538175825575937, 6, 2, '2017-11-08', '2017-12-11 11:30:00+00:00', 12, '2017-12-11 16:01:15+00:00', '2017-12-11 16:01:15+00:00', 30),
	(304538176050593793, 8, 1, 304538175825575937, 6, 3, '2017-11-15', '2017-12-11 11:30:00+00:00', 12, '2017-12-11 16:01:15+00:00', '2017-12-11 16:01:15+00:00', 30),
	(304538176123076609, 8, 1, 304538175825575937, 6, 4, '2017-11-22', '2017-12-11 11:30:00+00:00', 12, '2017-12-11 16:01:15+00:00', '2017-12-11 16:01:15+00:00', 30),
	(304538176191856641, 8, 1, 304538175825575937, 6, 5, '2017-11-29', '2017-12-11 11:30:00+00:00', 12, '2017-12-11 16:01:15+00:00', '2017-12-11 16:01:15+00:00', 30),
	(304538176264110081, 8, 1, 304538175825575937, 6, 6, '2017-12-06', '2017-12-11 11:30:00+00:00', 12, '2017-12-11 16:01:15+00:00', '2017-12-11 16:01:15+00:00', 30),
	(304538176375259137, 8, 1, 304538175825575937, 6, 7, '2017-12-13', '2017-12-11 11:30:00+00:00', 12, '2017-12-11 16:01:15+00:00', '2017-12-11 16:01:15+00:00', 30),
	(304538176456982529, 8, 1, 304538175825575937, 6, 8, '2017-12-20', '2017-12-11 11:30:00+00:00', 12, '2017-12-11 16:01:15+00:00', '2017-12-11 16:01:15+00:00', 30),
	(304538176570032129, 8, 1, 304538175825575937, 6, 9, '2017-12-27', '2017-12-11 11:30:00+00:00', 12, '2017-12-11 16:01:15+00:00', '2017-12-11 16:01:15+00:00', 30),
	(304538176689012737, 8, 1, 304538175825575937, 6, 10, '2018-01-03', '2017-12-11 11:30:00+00:00', 12, '2017-12-11 16:01:15+00:00', '2017-12-11 16:01:15+00:00', 30),
	(304538176787251201, 8, 1, 304538175825575937, 6, 11, '2018-01-10', '2017-12-11 11:30:00+00:00', 12, '2017-12-11 16:01:16+00:00', '2017-12-11 16:01:16+00:00', 30),
	(304538176855736321, 8, 1, 304538175825575937, 6, 12, '2018-01-17', '2017-12-11 11:30:00+00:00', 12, '2017-12-11 16:01:16+00:00', '2017-12-11 16:01:16+00:00', 30),
	(304538177024393217, 8, 1, 304538176923664385, 6, 1, '2017-11-01', '2017-12-11 12:00:00+00:00', 12, '2017-12-11 16:01:16+00:00', '2017-12-11 16:01:16+00:00', 30),
	(304538177090846721, 8, 1, 304538176923664385, 6, 2, '2017-11-08', '2017-12-11 12:00:00+00:00', 12, '2017-12-11 16:01:16+00:00', '2017-12-11 16:01:16+00:00', 30),
	(304538177148944385, 8, 1, 304538176923664385, 6, 3, '2017-11-15', '2017-12-11 12:00:00+00:00', 12, '2017-12-11 16:01:16+00:00', '2017-12-11 16:01:16+00:00', 30),
	(304538177209892865, 8, 1, 304538176923664385, 6, 4, '2017-11-22', '2017-12-11 12:00:00+00:00', 12, '2017-12-11 16:01:16+00:00', '2017-12-11 16:01:16+00:00', 30),
	(304538177291714561, 8, 1, 304538176923664385, 6, 5, '2017-11-29', '2017-12-11 12:00:00+00:00', 12, '2017-12-11 16:01:16+00:00', '2017-12-11 16:01:16+00:00', 30),
	(304538177382154241, 8, 1, 304538176923664385, 6, 6, '2017-12-06', '2017-12-11 12:00:00+00:00', 12, '2017-12-11 16:01:16+00:00', '2017-12-11 16:01:16+00:00', 30),
	(304538177463549953, 8, 1, 304538176923664385, 6, 7, '2017-12-13', '2017-12-11 12:00:00+00:00', 12, '2017-12-11 16:01:16+00:00', '2017-12-11 16:01:16+00:00', 30),
	(304538177537605633, 8, 1, 304538176923664385, 6, 8, '2017-12-20', '2017-12-11 12:00:00+00:00', 12, '2017-12-11 16:01:16+00:00', '2017-12-11 16:01:16+00:00', 30),
	(304538177669726209, 8, 1, 304538176923664385, 6, 9, '2017-12-27', '2017-12-11 12:00:00+00:00', 12, '2017-12-11 16:01:16+00:00', '2017-12-11 16:01:16+00:00', 30),
	(304538177768095745, 8, 1, 304538176923664385, 6, 10, '2018-01-03', '2017-12-11 12:00:00+00:00', 12, '2017-12-11 16:01:16+00:00', '2017-12-11 16:01:16+00:00', 30),
	(304538177858142209, 8, 1, 304538176923664385, 6, 11, '2018-01-10', '2017-12-11 12:00:00+00:00', 12, '2017-12-11 16:01:16+00:00', '2017-12-11 16:01:16+00:00', 30),
	(304538177941929985, 8, 1, 304538176923664385, 6, 12, '2018-01-17', '2017-12-11 12:00:00+00:00', 12, '2017-12-11 16:01:16+00:00', '2017-12-11 16:01:16+00:00', 30),
	(304538178117304321, 8, 1, 304538178047148033, 6, 1, '2017-11-01', '2017-12-11 12:30:00+00:00', 12, '2017-12-11 16:01:16+00:00', '2017-12-11 16:01:16+00:00', 30),
	(304538178180284417, 8, 1, 304538178047148033, 6, 2, '2017-11-08', '2017-12-11 12:30:00+00:00', 12, '2017-12-11 16:01:16+00:00', '2017-12-11 16:01:16+00:00', 30),
	(304538178246115329, 8, 1, 304538178047148033, 6, 3, '2017-11-15', '2017-12-11 12:30:00+00:00', 12, '2017-12-11 16:01:16+00:00', '2017-12-11 16:01:16+00:00', 30),
	(304538178365816833, 8, 1, 304538178047148033, 6, 4, '2017-11-22', '2017-12-11 12:30:00+00:00', 12, '2017-12-11 16:01:16+00:00', '2017-12-11 16:01:16+00:00', 30),
	(304538178459631617, 8, 1, 304538178047148033, 6, 5, '2017-11-29', '2017-12-11 12:30:00+00:00', 12, '2017-12-11 16:01:16+00:00', '2017-12-11 16:01:16+00:00', 30),
	(304538178541289473, 8, 1, 304538178047148033, 6, 6, '2017-12-06', '2017-12-11 12:30:00+00:00', 12, '2017-12-11 16:01:16+00:00', '2017-12-11 16:01:16+00:00', 30),
	(304538178663579649, 8, 1, 304538178047148033, 6, 7, '2017-12-13', '2017-12-11 12:30:00+00:00', 12, '2017-12-11 16:01:16+00:00', '2017-12-11 16:01:16+00:00', 30),
	(304538178772140033, 8, 1, 304538178047148033, 6, 8, '2017-12-20', '2017-12-11 12:30:00+00:00', 12, '2017-12-11 16:01:16+00:00', '2017-12-11 16:01:16+00:00', 30),
	(304538178873720833, 8, 1, 304538178047148033, 6, 9, '2017-12-27', '2017-12-11 12:30:00+00:00', 12, '2017-12-11 16:01:16+00:00', '2017-12-11 16:01:16+00:00', 30),
	(304538178978283521, 8, 1, 304538178047148033, 6, 10, '2018-01-03', '2017-12-11 12:30:00+00:00', 12, '2017-12-11 16:01:16+00:00', '2017-12-11 16:01:16+00:00', 30),
	(304538179388899329, 8, 1, 304538178047148033, 6, 11, '2018-01-10', '2017-12-11 12:30:00+00:00', 12, '2017-12-11 16:01:16+00:00', '2017-12-11 16:01:16+00:00', 30),
	(304538181985140737, 8, 1, 304538178047148033, 6, 12, '2018-01-17', '2017-12-11 12:30:00+00:00', 12, '2017-12-11 16:01:17+00:00', '2017-12-11 16:01:17+00:00', 30),
	(304538183126515713, 8, 1, 304538183052886017, 6, 1, '2017-11-01', '2017-12-11 13:00:00+00:00', 12, '2017-12-11 16:01:17+00:00', '2017-12-11 16:01:17+00:00', 30),
	(304538183377551361, 8, 1, 304538183052886017, 6, 2, '2017-11-08', '2017-12-11 13:00:00+00:00', 12, '2017-12-11 16:01:18+00:00', '2017-12-11 16:01:18+00:00', 30),
	(304538183451967489, 8, 1, 304538183052886017, 6, 3, '2017-11-15', '2017-12-11 13:00:00+00:00', 12, '2017-12-11 16:01:18+00:00', '2017-12-11 16:01:18+00:00', 30),
	(304538183555448833, 8, 1, 304538183052886017, 6, 4, '2017-11-22', '2017-12-11 13:00:00+00:00', 12, '2017-12-11 16:01:18+00:00', '2017-12-11 16:01:18+00:00', 30),
	(304538183645102081, 8, 1, 304538183052886017, 6, 5, '2017-11-29', '2017-12-11 13:00:00+00:00', 12, '2017-12-11 16:01:18+00:00', '2017-12-11 16:01:18+00:00', 30),
	(304538183722663937, 8, 1, 304538183052886017, 6, 6, '2017-12-06', '2017-12-11 13:00:00+00:00', 12, '2017-12-11 16:01:18+00:00', '2017-12-11 16:01:18+00:00', 30),
	(304538183841054721, 8, 1, 304538183052886017, 6, 7, '2017-12-13', '2017-12-11 13:00:00+00:00', 12, '2017-12-11 16:01:18+00:00', '2017-12-11 16:01:18+00:00', 30),
	(304538183928315905, 8, 1, 304538183052886017, 6, 8, '2017-12-20', '2017-12-11 13:00:00+00:00', 12, '2017-12-11 16:01:18+00:00', '2017-12-11 16:01:18+00:00', 30),
	(304538183996866561, 8, 1, 304538183052886017, 6, 9, '2017-12-27', '2017-12-11 13:00:00+00:00', 12, '2017-12-11 16:01:18+00:00', '2017-12-11 16:01:18+00:00', 30),
	(304538184077082625, 8, 1, 304538183052886017, 6, 10, '2018-01-03', '2017-12-11 13:00:00+00:00', 12, '2017-12-11 16:01:18+00:00', '2017-12-11 16:01:18+00:00', 30),
	(304538184156741633, 8, 1, 304538183052886017, 6, 11, '2018-01-10', '2017-12-11 13:00:00+00:00', 12, '2017-12-11 16:01:18+00:00', '2017-12-11 16:01:18+00:00', 30),
	(304538184253440001, 8, 1, 304538183052886017, 6, 12, '2018-01-17', '2017-12-11 13:00:00+00:00', 12, '2017-12-11 16:01:18+00:00', '2017-12-11 16:01:18+00:00', 30),
	(304538184403910657, 8, 1, 304538184333492225, 6, 1, '2017-11-01', '2017-12-11 13:30:00+00:00', 12, '2017-12-11 16:01:18+00:00', '2017-12-11 16:01:18+00:00', 30),
	(304538184466956289, 8, 1, 304538184333492225, 6, 2, '2017-11-08', '2017-12-11 13:30:00+00:00', 12, '2017-12-11 16:01:18+00:00', '2017-12-11 16:01:18+00:00', 30),
	(304538184567324673, 8, 1, 304538184333492225, 6, 3, '2017-11-15', '2017-12-11 13:30:00+00:00', 12, '2017-12-11 16:01:18+00:00', '2017-12-11 16:01:18+00:00', 30),
	(304538184643936257, 8, 1, 304538184333492225, 6, 4, '2017-11-22', '2017-12-11 13:30:00+00:00', 12, '2017-12-11 16:01:18+00:00', '2017-12-11 16:01:18+00:00', 30),
	(304538184703442945, 8, 1, 304538184333492225, 6, 5, '2017-11-29', '2017-12-11 13:30:00+00:00', 12, '2017-12-11 16:01:18+00:00', '2017-12-11 16:01:18+00:00', 30),
	(304538184769044481, 8, 1, 304538184333492225, 6, 6, '2017-12-06', '2017-12-11 13:30:00+00:00', 12, '2017-12-11 16:01:18+00:00', '2017-12-11 16:01:18+00:00', 30),
	(304538184843100161, 8, 1, 304538184333492225, 6, 7, '2017-12-13', '2017-12-11 13:30:00+00:00', 12, '2017-12-11 16:01:18+00:00', '2017-12-11 16:01:18+00:00', 30),
	(304538184928854017, 8, 1, 304538184333492225, 6, 8, '2017-12-20', '2017-12-11 13:30:00+00:00', 12, '2017-12-11 16:01:18+00:00', '2017-12-11 16:01:18+00:00', 30),
	(304538184986722305, 8, 1, 304538184333492225, 6, 9, '2017-12-27', '2017-12-11 13:30:00+00:00', 12, '2017-12-11 16:01:18+00:00', '2017-12-11 16:01:18+00:00', 30),
	(304538185049309185, 8, 1, 304538184333492225, 6, 10, '2018-01-03', '2017-12-11 13:30:00+00:00', 12, '2017-12-11 16:01:18+00:00', '2017-12-11 16:01:18+00:00', 30),
	(304538185110945793, 8, 1, 304538184333492225, 6, 11, '2018-01-10', '2017-12-11 13:30:00+00:00', 12, '2017-12-11 16:01:18+00:00', '2017-12-11 16:01:18+00:00', 30),
	(304538185196437505, 8, 1, 304538184333492225, 6, 12, '2018-01-17', '2017-12-11 13:30:00+00:00', 12, '2017-12-11 16:01:18+00:00', '2017-12-11 16:01:18+00:00', 30);

INSERT INTO coursegroups (id, swimclass_id, price, courselength, created, modified) VALUES
	(303677379166830593, 8, 90.00, 12, '2017-12-08 15:03:01+00:00', '2017-12-08 15:03:01+00:00'),
	(303677423296184321, 8, 90.00, 12, '2017-12-08 15:03:14+00:00', '2017-12-08 15:03:14+00:00'),
	(303677636350705665, 8, 90.00, 12, '2017-12-08 15:04:19+00:00', '2017-12-08 15:04:19+00:00'),
	(303678198296739841, 8, 90.00, 12, '2017-12-08 15:07:11+00:00', '2017-12-08 15:07:11+00:00'),
	(303678489532694529, 8, 90.00, 12, '2017-12-08 15:08:40+00:00', '2017-12-08 15:08:40+00:00'),
	(303678979814719489, 8, 90.00, 12, '2017-12-08 15:11:09+00:00', '2017-12-08 15:11:09+00:00'),
	(303928940292964353, 8, 90.00, 12, '2017-12-09 12:22:31+00:00', '2017-12-09 12:22:31+00:00'),
	(303929132288770049, 8, 90.00, 12, '2017-12-09 12:23:30+00:00', '2017-12-09 12:23:30+00:00'),
	(303929194922868737, 8, 90.00, 12, '2017-12-09 12:23:49+00:00', '2017-12-09 12:23:49+00:00'),
	(303929285135499265, 8, 90.00, 12, '2017-12-09 12:24:16+00:00', '2017-12-09 12:24:16+00:00'),
	(303929363901579265, 8, 90.00, 12, '2017-12-09 12:24:41+00:00', '2017-12-09 12:24:41+00:00'),
	(304476663580196865, 6, 90.00, 12, '2017-12-11 10:48:23+00:00', '2017-12-11 10:48:23+00:00'),
	(304480942469087233, 6, 90.00, 12, '2017-12-11 11:10:09+00:00', '2017-12-11 11:10:09+00:00'),
	(304480943504621569, 6, 90.00, 12, '2017-12-11 11:10:09+00:00', '2017-12-11 11:10:09+00:00'),
	(304480944489758721, 6, 90.00, 12, '2017-12-11 11:10:10+00:00', '2017-12-11 11:10:10+00:00'),
	(304480945527947265, 6, 90.00, 12, '2017-12-11 11:10:10+00:00', '2017-12-11 11:10:10+00:00'),
	(304480946625740801, 6, 90.00, 12, '2017-12-11 11:10:10+00:00', '2017-12-11 11:10:10+00:00'),
	(304480947812663297, 6, 90.00, 12, '2017-12-11 11:10:11+00:00', '2017-12-11 11:10:11+00:00'),
	(304480949346107393, 6, 90.00, 12, '2017-12-11 11:10:11+00:00', '2017-12-11 11:10:11+00:00'),
	(304538072410128385, 7, 90.00, 12, '2017-12-11 16:00:44+00:00', '2017-12-11 16:00:44+00:00'),
	(304538073581748225, 7, 90.00, 12, '2017-12-11 16:00:44+00:00', '2017-12-11 16:00:44+00:00'),
	(304538074572259329, 7, 90.00, 12, '2017-12-11 16:00:44+00:00', '2017-12-11 16:00:44+00:00'),
	(304538075749580801, 7, 90.00, 12, '2017-12-11 16:00:45+00:00', '2017-12-11 16:00:45+00:00'),
	(304538172691152897, 8, 90.00, 12, '2017-12-11 16:01:14+00:00', '2017-12-11 16:01:14+00:00'),
	(304538173842620417, 8, 90.00, 12, '2017-12-11 16:01:15+00:00', '2017-12-11 16:01:15+00:00'),
	(304538174830739457, 8, 90.00, 12, '2017-12-11 16:01:15+00:00', '2017-12-11 16:01:15+00:00'),
	(304538175825575937, 8, 90.00, 12, '2017-12-11 16:01:15+00:00', '2017-12-11 16:01:15+00:00'),
	(304538176923664385, 8, 90.00, 12, '2017-12-11 16:01:16+00:00', '2017-12-11 16:01:16+00:00'),
	(304538178047148033, 8, 90.00, 12, '2017-12-11 16:01:16+00:00', '2017-12-11 16:01:16+00:00'),
	(304538183052886017, 8, 90.00, 12, '2017-12-11 16:01:17+00:00', '2017-12-11 16:01:17+00:00'),
	(304538184333492225, 8, 90.00, 12, '2017-12-11 16:01:18+00:00', '2017-12-11 16:01:18+00:00');

INSERT INTO goals (id, goal, achievement_id, created, modified) VALUES
	(1, 'Answer 2 water safety questions', 4, '2017-05-03 18:01:18+00:00', '2017-05-03 18:01:19+00:00'),
	(2, 'Enter the water with a step or jump entry, tread water for 5 seconds, swim to poolside', 4, '2017-05-03 18:01:31+00:00', '2017-05-03 18:01:32+00:00'),
	(3, 'Push and glide, and hold the streamlined position for 5 seconds', 4, '2017-05-09 13:18:38+00:00', '2017-05-09 13:18:38+00:00'),
	(4, 'Push and glide, or swim to the bottom of the pool, to retrieve an object', 4, '2017-05-09 13:18:50+00:00', '2017-05-09 13:18:51+00:00'),
	(5, 'Swim 5 metres on front, roll over and swim 5 metres on back', 4, '2017-05-09 13:18:58+00:00', '2017-05-09 13:18:59+00:00'),
	(6, 'Perform dolphin leg kick on the front or back for 5 metres', 4, '2017-05-09 13:19:08+00:00', '2017-05-09 13:19:08+00:00'),
	(7, 'Scull head first for 2 metres', 4, '2017-05-09 13:19:16+00:00', '2017-05-09 13:19:17+00:00'),
	(8, 'Scull feet first, using a woggle for support', 4, '2017-05-09 13:19:24+00:00', '2017-05-09 13:19:25+00:00'),
	(9, 'Show rhythmical breathing in front crawl for 10 metres, using a woggle or float', 4, '2017-05-09 13:19:32+00:00', '2017-05-09 13:19:33+00:00'),
	(10, 'Swim a recognisable breaststroke for 5 metres', 4, '2017-05-09 13:19:40+00:00', '2017-05-09 13:19:41+00:00'),
	(11, 'Answer 2 water safety questions', 5, '2017-05-09 13:20:54+00:00', '2017-05-09 13:20:55+00:00'),
	(12, 'Perform a back float, tuck to a front float and return to a standing position', 5, '2017-05-09 13:21:02+00:00', '2017-05-09 13:21:03+00:00'),
	(13, 'Scull head first for 5 metres, and feet first for 3 metres', 5, '2017-05-09 13:21:10+00:00', '2017-05-09 13:21:10+00:00'),
	(14, 'Push and glide on the back, tuck, rotate to the front and return to the starting point', 5, '2017-05-09 13:21:18+00:00', '2017-05-09 13:21:18+00:00'),
	(15, e'Swim 10 metres of a recognised front stroke, either front crawl or breaststroke. Learner\U00002019s first choice', 5, '2017-05-09 13:21:27+00:00', '2017-05-09 13:21:27+00:00'),
	(16, 'Swim back crawl for 10 metres', 5, '2017-05-09 13:21:35+00:00', '2017-05-09 13:21:35+00:00'),
	(17, e'Swim 5 metres of a recognised front stroke. Learner\U00002019s second choice', 5, '2017-05-09 13:21:47+00:00', '2017-05-09 13:21:47+00:00'),
	(18, 'Push and glide to the bottom of the pool, tuck, place feet on the bottom and spring up', 5, '2017-05-09 13:21:55+00:00', '2017-05-09 13:21:55+00:00'),
	(19, 'Perform a mushroom float and hold for 3 seconds, extend to a front float and return to a standing position', 5, '2017-05-09 13:22:04+00:00', '2017-05-09 13:22:04+00:00'),
	(20, 'Enter the water with a step or jump entry, swim 5 metres on the front, then swim to poolside and exit water safely', 5, '2017-05-09 13:22:11+00:00', '2017-05-09 13:22:11+00:00'),
	(21, 'Answer 2 water safety questions', 6, '2017-05-10 11:13:15+00:00', '2017-05-10 11:13:15+00:00'),
	(22, 'Perform 2 different types of entries and tread water for 15 seconds each time; performed in shoulder-deep water', 6, '2017-05-10 11:13:25+00:00', '2017-05-10 11:13:26+00:00'),
	(23, 'Swim 15 metres of a recognised front stroke, either front crawl or breaststroke', 6, '2017-05-10 11:13:34+00:00', '2017-05-10 11:13:34+00:00'),
	(24, 'Swim 10 metres, holding a float under each arm, using lifesaving backstroke leg kick', 6, '2017-05-10 11:13:44+00:00', '2017-05-10 11:13:45+00:00'),
	(25, 'Swim 5 metres, dolphin leg kick on front', 6, '2017-05-10 11:13:52+00:00', '2017-05-10 11:13:53+00:00'),
	(26, 'Swim 5 metres, dolphin leg kick on back', 6, '2017-05-10 11:14:12+00:00', '2017-05-10 11:14:12+00:00'),
	(27, 'Perform a handstand with both hands on the pool floor; performed in chest-deep water', 6, '2017-05-10 11:14:21+00:00', '2017-05-10 11:14:21+00:00'),
	(28, 'Perform a horizontal float on the back and hold for 5 seconds, roll on to the front, hold for 5 seconds, roll to the original back float position and hold for 5 seconds', 6, '2017-05-10 11:14:30+00:00', '2017-05-10 11:14:30+00:00'),
	(29, 'Submerge, push and glide on the side, roll to a face down position', 6, '2017-05-10 11:14:37+00:00', '2017-05-10 11:14:37+00:00'),
	(30, 'Answer 2 water safety questions', 1, '2017-05-10 11:15:19+00:00', '2017-05-10 11:15:19+00:00'),
	(31, 'Enter the pool safely, steps, ramp, swivel', 1, '2017-05-10 11:15:27+00:00', '2017-05-10 11:15:28+00:00'),
	(32, e'Move through the water confidently in different ways \U00002013 walk, hop, jump, skip, gallop, march', 1, '2017-05-10 11:15:36+00:00', '2017-05-10 11:15:36+00:00'),
	(33, 'Use a woggle to swim front paddle and back paddle for 5 metres', 1, '2017-05-10 11:15:45+00:00', '2017-05-10 11:15:45+00:00'),
	(34, 'Push and glide on the front and back', 1, '2017-05-10 11:15:55+00:00', '2017-05-10 11:15:55+00:00'),
	(35, 'Attempt a simultaneous circle action with legs while on the back for 2 metres, using a woggle or floats', 1, '2017-05-10 11:16:04+00:00', '2017-05-10 11:16:04+00:00'),
	(36, 'Travel under a woggle waterfall, experiencing water over the head', 1, '2017-05-10 11:16:12+00:00', '2017-05-10 11:16:12+00:00'),
	(37, 'Return to standing from a star float on the back', 1, '2017-05-10 11:16:20+00:00', '2017-05-10 11:16:21+00:00'),
	(38, 'Perform a treading water action with legs using a woggle (sea horses), or floats', 1, '2017-05-10 11:16:28+00:00', '2017-05-10 11:16:28+00:00'),
	(39, 'Exit the pool safely and unassisted', 1, '2017-05-10 11:16:35+00:00', '2017-05-10 11:16:35+00:00'),
	(40, 'Answer 2 water safety questions', 2, '2017-05-10 11:17:10+00:00', '2017-05-10 11:17:10+00:00'),
	(41, 'Enter the pool safely with a step or jump', 2, '2017-05-10 11:17:18+00:00', '2017-05-10 11:17:18+00:00'),
	(42, 'Swim 2 metres of front paddle, and 2 metres of back paddle, unaided', 2, '2017-05-10 11:17:25+00:00', '2017-05-10 11:17:25+00:00'),
	(43, 'Use a woggle to kick across pool while blowing bubbles', 2, '2017-05-10 11:17:33+00:00', '2017-05-10 11:17:33+00:00'),
	(44, 'Demonstrate front crawl arm action while standing', 2, '2017-05-10 11:17:41+00:00', '2017-05-10 11:17:42+00:00'),
	(45, 'Demonstrate back crawl arm action while standing', 2, '2017-05-10 11:17:50+00:00', '2017-05-10 11:17:50+00:00'),
	(46, 'Push and glide on the front with face in the water', 2, '2017-05-10 11:17:57+00:00', '2017-05-10 11:17:58+00:00'),
	(47, 'Push and glide on the back arms by the side', 2, '2017-05-10 11:18:04+00:00', '2017-05-10 11:18:05+00:00'),
	(48, 'Rotate from back float to front float, and return back to a back float, using a woggle', 2, '2017-05-10 11:18:11+00:00', '2017-05-10 11:18:12+00:00'),
	(49, 'Submerge under water and retrieve an object', 2, '2017-05-10 11:18:18+00:00', '2017-05-10 11:18:18+00:00'),
	(50, 'Answer 2 water safety questions', 3, '2017-05-10 11:18:42+00:00', '2017-05-10 11:18:42+00:00'),
	(51, 'Enter the water with a step or jump entry, turn around and swim back to poolside', 3, '2017-05-10 11:18:50+00:00', '2017-05-10 11:18:51+00:00'),
	(52, 'Push and glide into either front crawl or breaststroke for 5 metres', 3, '2017-05-10 11:18:58+00:00', '2017-05-10 11:18:58+00:00'),
	(53, 'Push and glide into back crawl, and swim for 5 metres', 3, '2017-05-10 11:19:05+00:00', '2017-05-10 11:19:05+00:00'),
	(54, 'Perform a star float on the front or back, and hold for 3 seconds', 3, '2017-05-10 11:19:12+00:00', '2017-05-10 11:19:12+00:00'),
	(55, 'Perform dolphin leg kick on the front or back for 2 metres', 3, '2017-05-10 11:19:18+00:00', '2017-05-10 11:19:19+00:00'),
	(56, 'Scull head first, using a woggle', 3, '2017-05-10 11:19:25+00:00', '2017-05-10 11:19:25+00:00'),
	(57, e'Attempt breaststroke \U00002013 may use a woggle for support', 3, '2017-05-10 11:19:35+00:00', '2017-05-10 11:19:36+00:00'),
	(58, 'Tread water for 10 seconds', 3, '2017-05-10 11:19:45+00:00', '2017-05-10 11:19:45+00:00'),
	(59, 'Swim forward for 2 metres and then roll onto back, swim on the back for 2 metres and roll into a standing position (regaining feet)', 3, '2017-05-10 11:19:52+00:00', '2017-05-10 11:19:53+00:00'),
	(60, 'Be rescued by a reaching aid', 7, '2017-05-10 11:26:32+00:00', '2017-05-10 11:26:33+00:00'),
	(61, 'Perform a straddle entry and tread water for 30 seconds. If the water is too shallow, substitute step entry and support scull for 30 seconds.', 7, '2017-05-10 11:26:41+00:00', '2017-05-10 11:26:41+00:00'),
	(62, 'Push and glide into a forward somersault', 7, '2017-05-10 11:26:51+00:00', '2017-05-10 11:26:51+00:00'),
	(63, 'Scull head first for 5 metres and feet first for 5 metres', 7, '2017-05-10 11:26:58+00:00', '2017-05-10 11:26:59+00:00'),
	(64, e'Swim 15 metres of a recognised front stroke with correct breathing. Learner\U00002019s first choice', 7, '2017-05-10 11:27:10+00:00', '2017-05-10 11:27:11+00:00'),
	(65, e'Swim 10 metres of front stroke with correct breathing. Learner\U00002019s second choice', 7, '2017-05-10 11:27:19+00:00', '2017-05-10 11:27:19+00:00'),
	(66, 'Swim 20 metres of back crawl', 7, '2017-05-10 11:27:25+00:00', '2017-05-10 11:27:26+00:00'),
	(67, 'Swim 10 metres on the front, using dolphin leg kick, without aids', 7, '2017-05-10 11:27:33+00:00', '2017-05-10 11:27:34+00:00'),
	(68, 'Start in a crouch position in the water, spring up before gliding to bottom of pool, then glide to surface', 7, '2017-05-10 11:27:40+00:00', '2017-05-10 11:27:41+00:00'),
	(69, 'Swim 5 metres of lifesaving backstroke without aids', 7, '2017-05-10 11:27:48+00:00', '2017-05-10 11:27:48+00:00');

INSERT INTO students (id, firstname, lastname, parent_id, gender, created, modified, level, requirements, dob) VALUES
	(303426310470991873, 'New', 'Adams', 5, 'm', '2017-12-07 17:46:01+00:00', '2017-12-08 17:04:09+00:00', 'beginner', 'ddd', '2011-07-07 00:00:00+00:00'),
	(303454638646067201, 'Billy', e'O\'Sullivam', 303454103544070145, 'm', '2017-12-07 20:10:06+00:00', '2017-12-07 20:10:06+00:00', 'advanced', 'Woof', '2007-08-07 00:00:00+00:00'),
	(304476218627391489, 'Old', 'Adams', 5, 'm', '2017-12-11 10:46:07+00:00', '2017-12-11 10:46:07+00:00', 'beginner', 'none', '2009-03-02 00:00:00+00:00');

INSERT INTO students_achievements (id, student_id, achievement_id, created) VALUES
	(305655941899812865, 303454638646067201, 1, '2017-12-15 14:46:30+00:00'),
	(305664320723779585, 303454638646067201, 2, '2017-12-15 15:29:07+00:00');

INSERT INTO students_classes (id, student_id, coursegroup_id) VALUES
	(303940004190257153, 303454638646067201, 303929132288770049),
	(303941614025605121, 303426310470991873, 303929132288770049),
	(304483354501939201, 304476218627391489, 304480942469087233),
	(304483671473061889, 304476218627391489, 304480943504621569),
	(304538826918035457, 303426310470991873, 303678979814719489),
	(304550914712764417, 303426310470991873, 304538074572259329);

INSERT INTO students_goals (id, student_id, goal_id, created) VALUES
	(305396586893213697, 303426310470991873, 1, NULL),
	(305398993242259457, 303426310470991873, 2, '2017-12-14 16:59:36+00:00'),
	(305399393590149121, 303426310470991873, 3, '2017-12-14 17:01:38+00:00'),
	(305605049236881409, 303426310470991873, 30, '2017-12-15 10:27:39+00:00'),
	(305605074217369601, 303426310470991873, 31, '2017-12-15 10:27:47+00:00'),
	(305605095837335553, 303426310470991873, 32, '2017-12-15 10:27:53+00:00'),
	(305605114471153665, 303426310470991873, 33, '2017-12-15 10:27:59+00:00'),
	(305609194091642881, 303454638646067201, 30, '2017-12-15 10:48:44+00:00'),
	(305609425565319169, 303454638646067201, 31, '2017-12-15 10:49:54+00:00'),
	(305609441098989569, 303454638646067201, 32, '2017-12-15 10:49:59+00:00'),
	(305609465685573633, 303454638646067201, 33, '2017-12-15 10:50:07+00:00'),
	(305609537010794497, 303454638646067201, 34, '2017-12-15 10:50:29+00:00'),
	(305609560732073985, 303454638646067201, 35, '2017-12-15 10:50:36+00:00'),
	(305609575202947073, 303454638646067201, 36, '2017-12-15 10:50:40+00:00'),
	(305609598967283713, 303454638646067201, 37, '2017-12-15 10:50:48+00:00'),
	(305649664939065345, 303454638646067201, 38, '2017-12-15 14:14:35+00:00'),
	(305649678217707521, 303454638646067201, 39, '2017-12-15 14:14:39+00:00'),
	(305656956899459073, 303454638646067201, 40, '2017-12-15 14:51:40+00:00'),
	(305656986392526849, 303454638646067201, 41, '2017-12-15 14:51:49+00:00'),
	(305657007683534849, 303454638646067201, 42, '2017-12-15 14:51:56+00:00'),
	(305661630830936065, 303454638646067201, 43, '2017-12-15 15:15:26+00:00'),
	(305661709206650881, 303454638646067201, 44, '2017-12-15 15:15:50+00:00'),
	(305661739497357313, 303454638646067201, 45, '2017-12-15 15:16:00+00:00'),
	(305661769790357505, 303454638646067201, 46, '2017-12-15 15:16:09+00:00'),
	(305661795034333185, 303454638646067201, 47, '2017-12-15 15:16:17+00:00'),
	(305661817510952961, 303454638646067201, 48, '2017-12-15 15:16:23+00:00'),
	(305661849144655873, 303454638646067201, 49, '2017-12-15 15:16:33+00:00'),
	(305664343732781057, 303454638646067201, 50, '2017-12-15 15:29:14+00:00');

INSERT INTO swimclass (id, "name", size, duration, price, created, modified) VALUES
	(6, 'Beginner', '6', 12, 90.00, '2017-09-06 14:25:03+00:00', '2017-09-06 14:25:03+00:00'),
	(7, 'Intermediate', '6', 12, 90.00, '2017-09-06 14:25:22+00:00', '2017-09-06 14:25:22+00:00'),
	(8, 'Advanced', '6', 12, 90.00, '2017-09-06 14:25:31+00:00', '2017-09-06 14:25:31+00:00'),
	(9, 'Baby & Toddler', '6', 6, 45.00, '2017-09-06 14:26:02+00:00', '2017-09-06 14:26:02+00:00'),
	(10, 'Private 1:1', '1', 12, 20.00, '2017-09-06 14:27:19+00:00', '2017-09-06 14:27:19+00:00'),
	(12, 'Private 2:1', '2', 12, 30.00, '2017-09-06 14:27:19+00:00', '2017-09-06 14:27:19+00:00'),
	(13, 'Private 3:1', '3', 12, 35.00, '2017-09-06 14:27:19+00:00', '2017-09-06 14:27:19+00:00');

INSERT INTO teachers (id, firstname, lastname, phone, email, created, modified) VALUES
	(1, 'John', 'Doherty', NULL, NULL, '2017-05-03 15:00:08+00:00', '2017-05-03 15:00:09+00:00'),
	(2, 'Tara', 'Mc Conalogue', NULL, NULL, '2017-05-05 09:57:12+00:00', '2017-05-05 09:57:13+00:00');

INSERT INTO transactions (id, modified, student_id, coursegroup_id, braintreeid, amount, processorresponse, last4, cardtype, user_id, created) VALUES
	(303940004317462529, '2017-12-09 13:18:48+00:00', 303454638646067201, 303929132288770049, 'dywx06at', 90.00, 'Approved', 1111, 'Visa', 303454103544070145, '2017-10-11 11:22:25+00:00'),
	(303941614106443777, '2017-12-09 13:26:59+00:00', 303426310470991873, 303929132288770049, '9f2n7msc', 90.00, 'Approved', 1111, 'Visa', 5, '2017-10-11 11:22:25+00:00'),
	(304483354569637889, '2017-12-11 11:22:25+00:00', 304476218627391489, 304480942469087233, 'jp6skqv2', 90.00, 'Approved', 1111, 'Visa', 5, '2017-12-11 11:22:25+00:00'),
	(304483671573102593, '2017-12-11 11:24:02+00:00', 304476218627391489, 304480943504621569, 'nt76qr8v', 90.00, 'Approved', 1111, 'Visa', 5, '2017-12-11 11:22:25+00:00'),
	(304538827062444033, '2017-12-11 16:04:34+00:00', 303426310470991873, 303678979814719489, '2618jmww', 82.50, 'Approved', 1111, 'Visa', 5, '2017-06-11 11:22:25+00:00'),
	(304550914782265345, '2017-12-11 17:06:03+00:00', 303426310470991873, 304538074572259329, '86pprad6', 45.00, 'Approved', 1111, 'Visa', 5, '2017-06-11 11:22:25+00:00');

INSERT INTO users (id, username, password, email, firstname, lastname, phone, address1, address2, town, county, role, created, modified, postcode) VALUES
	(5, 'admin', '$2y$10$2txtbmip5GTt9Eq7YTNws.hVLNxuAkW7y3dFL6UhVyrQnP/9CB2He', 'luke@digitalfury.co.uk', 'Luke', 'Adams', '07767047774', '14 Fitzrobert Place', '', 'Egham', 'Surrey', 'admin', '2017-05-02 16:42:17+00:00', '2017-12-11 12:26:04+00:00', 'TW20 9JS'),
	(6, 'jane', '$2y$10$t6gRuRZWs8CKGqPuESqpsewDV/.4osoGP/qQliWmYM/lGa0VctB7O', 'janeosullivan83@gmail.com', 'Jane', e'O\'Sullivan', NULL, NULL, NULL, NULL, NULL, 'admin', '2017-05-03 09:34:18+00:00', '2017-10-10 13:52:59+00:00', 'TW20 9JS'),
	(303160173085425665, NULL, '$2y$10$ME1TECPCaws8p8oRHzpp3eS3kEqTcSd/n223TmIlTyxx19EO/u6W6', 'luke@twelve-27.co.uk', 'Luke', 'Adams', NULL, '14 Fitzrobert Place', '', 'Egham', 'Surrey', 'parent', '2017-12-06 19:12:22+00:00', '2017-12-07 15:46:17+00:00', 'TW20 9JS'),
	(303342792899624961, NULL, '$2y$10$1H.qJ3Z/JnMUThxUB23aUeksyLVO39fVqAiQbRE6zE0FjHY7k7Eha', 'luke@thirteen-37.com', 'luke', 'adams', NULL, NULL, NULL, NULL, NULL, 'parent', '2017-12-07 10:41:13+00:00', '2017-12-07 10:41:13+00:00', 'TW20 9JS'),
	(303454103544070145, NULL, '$2y$10$aexTrVnujc9xQ.byb/TKG.1gfZfYwZlmaaBkalnOsYy1fZJjWrXO6', 'jane@thirteen-37.com', 'Jane', e'O\'Sullivan', '07818567721', '14 Fitzrobert Place', '', 'Egham', 'Surrey', 'parent', '2017-12-07 20:07:23+00:00', '2017-12-15 10:48:17+00:00', 'TW20 9JS');

INSERT INTO venues (id, "name", created, modified) VALUES
	(1, 'DW Sports Fitness', '2017-05-03 16:41:45+00:00', '2017-05-03 16:41:46+00:00'),
	(2, 'City Hotel', '2017-05-08 18:16:16+00:00', '2017-05-08 18:16:18+00:00');
